#
# There is insufficient memory for the Java Runtime Environment to continue.
# Native memory allocation (mmap) failed to map 65536 bytes. Error detail: Failed to commit metaspace.
# Possible reasons:
#   The system is out of physical RAM or swap space
#   This process is running with CompressedOops enabled, and the Java Heap may be blocking the growth of the native heap
# Possible solutions:
#   Reduce memory load on the system
#   Increase physical memory or swap space
#   Check if swap backing store is full
#   Decrease Java heap size (-Xmx/-Xms)
#   Decrease number of Java threads
#   Decrease Java thread stack sizes (-Xss)
#   Set larger code cache with -XX:ReservedCodeCacheSize=
#   JVM is running with Unscaled Compressed Oops mode in which the Java heap is
#     placed in the first 4GB address space. The Java Heap base address is the
#     maximum limit for the native heap growth. Please use -XX:HeapBaseMinAddress
#     to set the Java Heap base and to place the Java Heap above 4GB virtual address.
# This output file may be truncated or incomplete.
#
#  Out of Memory Error (virtualSpaceNode.cpp:113), pid=11408, tid=31068
#
# JRE version: OpenJDK Runtime Environment (21.0.4) (build 21.0.4+-12508038-b607.1)
# Java VM: OpenJDK 64-Bit Server VM (21.0.4+-12508038-b607.1, mixed mode, tiered, compressed oops, compressed class ptrs, g1 gc, windows-amd64)
# No core dump will be written. Minidumps are not enabled by default on client versions of Windows
#

---------------  S U M M A R Y ------------

Command Line: --add-opens=java.base/java.lang=ALL-UNNAMED --add-opens=java.base/java.lang.invoke=ALL-UNNAMED --add-opens=java.base/java.util=ALL-UNNAMED --add-opens=java.prefs/java.util.prefs=ALL-UNNAMED --add-exports=jdk.compiler/com.sun.tools.javac.api=ALL-UNNAMED --add-exports=jdk.compiler/com.sun.tools.javac.util=ALL-UNNAMED --add-opens=java.base/java.util=ALL-UNNAMED --add-opens=java.prefs/java.util.prefs=ALL-UNNAMED --add-opens=java.base/java.nio.charset=ALL-UNNAMED --add-opens=java.base/java.net=ALL-UNNAMED --add-opens=java.base/java.util.concurrent.atomic=ALL-UNNAMED --add-opens=java.xml/javax.xml.namespace=ALL-UNNAMED -Xmx2048m -Dfile.encoding=UTF-8 -Duser.country=US -Duser.language=en -Duser.variant -javaagent:C:\Users\khuon\.gradle\wrapper\dists\gradle-8.11.1-bin\bpt9gzteqjrbo1mjrsomdt32c\gradle-8.11.1\lib\agents\gradle-instrumentation-agent-8.11.1.jar org.gradle.launcher.daemon.bootstrap.GradleDaemon 8.11.1

Host: AMD Ryzen 7 5800U with Radeon Graphics         , 16 cores, 13G,  Windows 11 , 64 bit Build 26100 (10.0.26100.3775)
Time: Mon Apr 14 22:15:22 2025 SE Asia Standard Time elapsed time: 3.541785 seconds (0d 0h 0m 3s)

---------------  T H R E A D  ---------------

Current thread (0x0000024e4c930cb0):  JavaThread "Daemon worker"        [_thread_in_vm, id=31068, stack(0x000000c2c3d00000,0x000000c2c3e00000) (1024K)]

Stack: [0x000000c2c3d00000,0x000000c2c3e00000]
Native frames: (J=compiled Java code, j=interpreted, Vv=VM code, C=native code)
V  [jvm.dll+0x6ce539]
V  [jvm.dll+0x85bf03]
V  [jvm.dll+0x85e45e]
V  [jvm.dll+0x85eb43]
V  [jvm.dll+0x27dd06]
V  [jvm.dll+0x856dde]
V  [jvm.dll+0x672715]
V  [jvm.dll+0x1e2ab1]
V  [jvm.dll+0x1e287e]
V  [jvm.dll+0x675068]
V  [jvm.dll+0x674ea2]
V  [jvm.dll+0x67310e]
V  [jvm.dll+0x67d137]
V  [jvm.dll+0x285e5b]
V  [jvm.dll+0x287186]
V  [jvm.dll+0x20cfcc]
V  [jvm.dll+0x20c76d]
V  [jvm.dll+0x5b0c6f]
V  [jvm.dll+0x7d4010]
V  [jvm.dll+0x7d413e]
V  [jvm.dll+0x46d9ad]
V  [jvm.dll+0x4732f8]
C  [java.dll+0x17ec]

Java frames: (J=compiled Java code, j=interpreted, Vv=VM code)
J 1004  java.lang.ClassLoader.defineClass1(Ljava/lang/ClassLoader;Ljava/lang/String;[BIILjava/security/ProtectionDomain;Ljava/lang/String;)Ljava/lang/Class; java.base@21.0.4 (0 bytes) @ 0x0000024e38aca269 [0x0000024e38aca1a0+0x00000000000000c9]
J 1098 c1 java.lang.ClassLoader.defineClass(Ljava/lang/String;[BIILjava/security/ProtectionDomain;)Ljava/lang/Class; java.base@21.0.4 (43 bytes) @ 0x0000024e310addf4 [0x0000024e310adaa0+0x0000000000000354]
J 1109 c1 java.security.SecureClassLoader.defineClass(Ljava/lang/String;[BIILjava/security/CodeSource;)Ljava/lang/Class; java.base@21.0.4 (16 bytes) @ 0x0000024e310b761c [0x0000024e310b7540+0x00000000000000dc]
J 1405 c1 java.net.URLClassLoader.defineClass(Ljava/lang/String;Ljdk/internal/loader/Resource;)Ljava/lang/Class; java.base@21.0.4 (224 bytes) @ 0x0000024e3116f964 [0x0000024e3116e280+0x00000000000016e4]
J 927 c1 java.net.URLClassLoader$1.run()Ljava/lang/Class; java.base@21.0.4 (81 bytes) @ 0x0000024e31059e8c [0x0000024e31059240+0x0000000000000c4c]
J 926 c1 java.net.URLClassLoader$1.run()Ljava/lang/Object; java.base@21.0.4 (5 bytes) @ 0x0000024e31057e54 [0x0000024e31057dc0+0x0000000000000094]
J 769 c1 java.security.AccessController.doPrivileged(Ljava/security/PrivilegedExceptionAction;Ljava/security/AccessControlContext;)Ljava/lang/Object; java.base@21.0.4 (26 bytes) @ 0x0000024e30fff20c [0x0000024e30fff020+0x00000000000001ec]
J 924 c1 java.net.URLClassLoader.findClass(Ljava/lang/String;)Ljava/lang/Class; java.base@21.0.4 (47 bytes) @ 0x0000024e3105881c [0x0000024e31058680+0x000000000000019c]
J 2995 c1 org.gradle.internal.classloader.TransformingClassLoader.findClass(Ljava/lang/String;)Ljava/lang/Class; (203 bytes) @ 0x0000024e314bb2fc [0x0000024e314ba300+0x0000000000000ffc]
J 876 c1 java.lang.ClassLoader.loadClass(Ljava/lang/String;Z)Ljava/lang/Class; java.base@21.0.4 (121 bytes) @ 0x0000024e3103ada4 [0x0000024e3103a7e0+0x00000000000005c4]
J 893 c1 java.lang.ClassLoader.loadClass(Ljava/lang/String;)Ljava/lang/Class; java.base@21.0.4 (7 bytes) @ 0x0000024e31048e44 [0x0000024e31048d40+0x0000000000000104]
v  ~StubRoutines::call_stub 0x0000024e3831100d
j  java.lang.Class.getDeclaredConstructors0(Z)[Ljava/lang/reflect/Constructor;+0 java.base@21.0.4
j  java.lang.Class.privateGetDeclaredConstructors(Z)[Ljava/lang/reflect/Constructor;+52 java.base@21.0.4
j  java.lang.Class.getDeclaredConstructors()[Ljava/lang/reflect/Constructor;+20 java.base@21.0.4
j  org.gradle.internal.service.InjectUtil.selectConstructor(Ljava/lang/Class;)Ljava/lang/reflect/Constructor;+32
j  org.gradle.internal.service.DefaultServiceRegistry$ConstructorService.<init>(Lorg/gradle/internal/service/DefaultServiceRegistry;Lorg/gradle/internal/service/ServiceAccessScope;Lorg/gradle/internal/service/ServiceAccessToken;Ljava/util/List;Ljava/lang/Class;)V+36
j  org.gradle.internal.service.DefaultServiceRegistry$ConstructorService.<init>(Lorg/gradle/internal/service/DefaultServiceRegistry;Lorg/gradle/internal/service/ServiceAccessScope;Lorg/gradle/internal/service/ServiceAccessToken;Ljava/lang/Class;Ljava/lang/Class;)V+11
j  org.gradle.internal.service.DefaultServiceRegistry$ConstructorService.<init>(Lorg/gradle/internal/service/DefaultServiceRegistry;Lorg/gradle/internal/service/ServiceAccessScope;Lorg/gradle/internal/service/ServiceAccessToken;Ljava/lang/Class;)V+8
j  org.gradle.internal.service.DefaultServiceRegistry$ConstructorService.<init>(Lorg/gradle/internal/service/DefaultServiceRegistry;Lorg/gradle/internal/service/ServiceAccessScope;Lorg/gradle/internal/service/ServiceAccessToken;Ljava/lang/Class;Lorg/gradle/internal/service/DefaultServiceRegistry$1;)V+6
j  org.gradle.internal.service.DefaultServiceRegistry$1.add(Ljava/lang/Class;)V+24
j  org.gradle.api.internal.artifacts.DependencyManagementBuildTreeScopeServices.configure(Lorg/gradle/internal/service/ServiceRegistration;)V+51
j  java.lang.invoke.DirectMethodHandle$Holder.invokeVirtual(Ljava/lang/Object;Ljava/lang/Object;Ljava/lang/Object;)V+11 java.base@21.0.4
j  java.lang.invoke.LambdaForm$MH+0x00000001000dcc00.invoke(Ljava/lang/Object;Ljava/lang/Object;Ljava/lang/Object;)Ljava/lang/Object;+52 java.base@21.0.4
J 2330 c1 jdk.internal.reflect.DirectMethodHandleAccessor.invoke(Ljava/lang/Object;[Ljava/lang/Object;)Ljava/lang/Object; java.base@21.0.4 (92 bytes) @ 0x0000024e3134c934 [0x0000024e3134ae40+0x0000000000001af4]
J 2329 c1 java.lang.reflect.Method.invoke(Ljava/lang/Object;[Ljava/lang/Object;)Ljava/lang/Object; java.base@21.0.4 (108 bytes) @ 0x0000024e3134645c [0x0000024e31345f40+0x000000000000051c]
j  org.gradle.internal.reflect.JavaMethod.invoke(Ljava/lang/Object;[Ljava/lang/Object;)Ljava/lang/Object;+6
j  org.gradle.internal.service.ReflectionBasedServiceMethod.invoke(Ljava/lang/Object;[Ljava/lang/Object;)Ljava/lang/Object;+6
j  org.gradle.internal.service.DefaultServiceRegistry.applyConfigureMethod(Lorg/gradle/internal/service/ServiceAccessToken;Lorg/gradle/internal/service/ServiceMethod;Ljava/lang/Object;)V+146
j  org.gradle.internal.service.DefaultServiceRegistry.findProviderMethods(Lorg/gradle/internal/service/ServiceRegistrationProvider;Lorg/gradle/internal/service/ServiceAccessToken;)V+215
j  org.gradle.internal.service.DefaultServiceRegistry.addProvider(Lorg/gradle/internal/service/ServiceRegistrationProvider;)Lorg/gradle/internal/service/DefaultServiceRegistry;+18
j  org.gradle.internal.service.DefaultServiceRegistry$1.addProvider(Lorg/gradle/internal/service/ServiceRegistrationProvider;)V+5
j  org.gradle.api.internal.artifacts.DependencyServices.registerBuildTreeServices(Lorg/gradle/internal/service/ServiceRegistration;)V+16
j  org.gradle.internal.buildtree.BuildTreeScopeServices.configure(Lorg/gradle/internal/service/ServiceRegistration;Ljava/util/List;)V+30
j  java.lang.invoke.LambdaForm$DMH+0x000000010017c000.invokeVirtual(Ljava/lang/Object;Ljava/lang/Object;Ljava/lang/Object;Ljava/lang/Object;)V+14 java.base@21.0.4
j  java.lang.invoke.LambdaForm$MH+0x00000001002fc800.invoke(Ljava/lang/Object;Ljava/lang/Object;Ljava/lang/Object;Ljava/lang/Object;)Ljava/lang/Object;+73 java.base@21.0.4
J 2330 c1 jdk.internal.reflect.DirectMethodHandleAccessor.invoke(Ljava/lang/Object;[Ljava/lang/Object;)Ljava/lang/Object; java.base@21.0.4 (92 bytes) @ 0x0000024e3134c32c [0x0000024e3134ae40+0x00000000000014ec]
J 2329 c1 java.lang.reflect.Method.invoke(Ljava/lang/Object;[Ljava/lang/Object;)Ljava/lang/Object; java.base@21.0.4 (108 bytes) @ 0x0000024e3134645c [0x0000024e31345f40+0x000000000000051c]
j  org.gradle.internal.reflect.JavaMethod.invoke(Ljava/lang/Object;[Ljava/lang/Object;)Ljava/lang/Object;+6
j  org.gradle.internal.service.ReflectionBasedServiceMethod.invoke(Ljava/lang/Object;[Ljava/lang/Object;)Ljava/lang/Object;+6
j  org.gradle.internal.service.DefaultServiceRegistry.applyConfigureMethod(Lorg/gradle/internal/service/ServiceAccessToken;Lorg/gradle/internal/service/ServiceMethod;Ljava/lang/Object;)V+146
j  org.gradle.internal.service.DefaultServiceRegistry.findProviderMethods(Lorg/gradle/internal/service/ServiceRegistrationProvider;Lorg/gradle/internal/service/ServiceAccessToken;)V+215
j  org.gradle.internal.service.DefaultServiceRegistry.addProvider(Lorg/gradle/internal/service/ServiceRegistrationProvider;)Lorg/gradle/internal/service/DefaultServiceRegistry;+18
j  org.gradle.internal.service.ServiceRegistryBuilder.build()Lorg/gradle/internal/service/CloseableServiceRegistry;+93
j  org.gradle.internal.buildtree.BuildTreeState.<init>(Lorg/gradle/internal/scopeids/id/BuildInvocationScopeId;Lorg/gradle/internal/service/ServiceRegistry;Lorg/gradle/internal/buildtree/BuildTreeModelControllerServices$Supplier;)V+35
j  org.gradle.launcher.exec.BuildTreeLifecycleBuildActionExecutor.execute(Lorg/gradle/internal/invocation/BuildAction;Lorg/gradle/internal/session/BuildSessionContext;)Lorg/gradle/internal/buildtree/BuildActionRunner$Result;+61
j  org.gradle.launcher.exec.RunAsBuildOperationBuildActionExecutor$3.call(Lorg/gradle/internal/operations/BuildOperationContext;)Lorg/gradle/internal/buildtree/BuildActionRunner$Result;+25
j  org.gradle.launcher.exec.RunAsBuildOperationBuildActionExecutor$3.call(Lorg/gradle/internal/operations/BuildOperationContext;)Ljava/lang/Object;+2
j  org.gradle.internal.operations.DefaultBuildOperationRunner$CallableBuildOperationWorker.execute(Lorg/gradle/internal/operations/CallableBuildOperation;Lorg/gradle/internal/operations/BuildOperationContext;)V+3
j  org.gradle.internal.operations.DefaultBuildOperationRunner$CallableBuildOperationWorker.execute(Lorg/gradle/internal/operations/BuildOperation;Lorg/gradle/internal/operations/BuildOperationContext;)V+6
j  org.gradle.internal.operations.DefaultBuildOperationRunner$2.execute(Lorg/gradle/internal/operations/BuildOperationDescriptor;Lorg/gradle/internal/operations/BuildOperationState;Lorg/gradle/internal/operations/BuildOperationState;Lorg/gradle/internal/operations/DefaultBuildOperationRunner$ReadableBuildOperationContext;Lorg/gradle/internal/operations/DefaultBuildOperationRunner$BuildOperationExecutionListener;)Lorg/gradle/internal/operations/BuildOperation;+22
j  org.gradle.internal.operations.DefaultBuildOperationRunner$2.execute(Lorg/gradle/internal/operations/BuildOperationDescriptor;Lorg/gradle/internal/operations/BuildOperationState;Lorg/gradle/internal/operations/BuildOperationState;Lorg/gradle/internal/operations/DefaultBuildOperationRunner$ReadableBuildOperationContext;Lorg/gradle/internal/operations/DefaultBuildOperationRunner$BuildOperationExecutionListener;)Ljava/lang/Object;+8
j  org.gradle.internal.operations.DefaultBuildOperationRunner.execute(Lorg/gradle/internal/operations/BuildOperationDescriptor$Builder;Lorg/gradle/internal/operations/BuildOperationState;Lorg/gradle/internal/operations/DefaultBuildOperationRunner$BuildOperationExecution;)Ljava/lang/Object;+141
j  org.gradle.internal.operations.DefaultBuildOperationRunner.execute(Lorg/gradle/internal/operations/BuildOperation;Lorg/gradle/internal/operations/BuildOperationWorker;Lorg/gradle/internal/operations/BuildOperationState;)V+18
j  org.gradle.internal.operations.DefaultBuildOperationRunner.call(Lorg/gradle/internal/operations/CallableBuildOperation;)Ljava/lang/Object;+16
j  org.gradle.launcher.exec.RunAsBuildOperationBuildActionExecutor.execute(Lorg/gradle/internal/invocation/BuildAction;Lorg/gradle/internal/session/BuildSessionContext;)Lorg/gradle/internal/buildtree/BuildActionRunner$Result;+23
j  org.gradle.launcher.exec.RunAsWorkerThreadBuildActionExecutor.lambda$execute$0(Lorg/gradle/internal/invocation/BuildAction;Lorg/gradle/internal/session/BuildSessionContext;)Lorg/gradle/internal/buildtree/BuildActionRunner$Result;+6
j  org.gradle.launcher.exec.RunAsWorkerThreadBuildActionExecutor$$Lambda+0x000000010037d6a0.create()Ljava/lang/Object;+12
j  org.gradle.internal.work.DefaultWorkerLeaseService.withLocks(Ljava/util/Collection;Lorg/gradle/internal/Factory;)Ljava/lang/Object;+28
j  org.gradle.internal.work.DefaultWorkerLeaseService.runAsWorkerThread(Lorg/gradle/internal/Factory;)Ljava/lang/Object;+33
j  org.gradle.launcher.exec.RunAsWorkerThreadBuildActionExecutor.execute(Lorg/gradle/internal/invocation/BuildAction;Lorg/gradle/internal/session/BuildSessionContext;)Lorg/gradle/internal/buildtree/BuildActionRunner$Result;+12
j  org.gradle.tooling.internal.provider.continuous.ContinuousBuildActionExecutor.execute(Lorg/gradle/internal/invocation/BuildAction;Lorg/gradle/internal/session/BuildSessionContext;)Lorg/gradle/internal/buildtree/BuildActionRunner$Result;+58
j  org.gradle.tooling.internal.provider.SubscribableBuildActionExecutor.execute(Lorg/gradle/internal/invocation/BuildAction;Lorg/gradle/internal/session/BuildSessionContext;)Lorg/gradle/internal/buildtree/BuildActionRunner$Result;+30
j  org.gradle.internal.session.DefaultBuildSessionContext.execute(Lorg/gradle/internal/invocation/BuildAction;)Lorg/gradle/internal/buildtree/BuildActionRunner$Result;+64
j  org.gradle.internal.buildprocess.execution.BuildSessionLifecycleBuildActionExecutor$ActionImpl.apply(Lorg/gradle/internal/session/BuildSessionContext;)Lorg/gradle/launcher/exec/BuildActionResult;+6
j  org.gradle.internal.buildprocess.execution.BuildSessionLifecycleBuildActionExecutor$ActionImpl.apply(Ljava/lang/Object;)Ljava/lang/Object;+5
j  org.gradle.internal.session.BuildSessionState.run(Ljava/util/function/Function;)Ljava/lang/Object;+5
j  org.gradle.internal.buildprocess.execution.BuildSessionLifecycleBuildActionExecutor.execute(Lorg/gradle/internal/invocation/BuildAction;Lorg/gradle/launcher/exec/BuildActionParameters;Lorg/gradle/initialization/BuildRequestContext;)Lorg/gradle/launcher/exec/BuildActionResult;+95
j  org.gradle.internal.buildprocess.execution.BuildSessionLifecycleBuildActionExecutor.execute(Lorg/gradle/internal/invocation/BuildAction;Ljava/lang/Object;Ljava/lang/Object;)Lorg/gradle/launcher/exec/BuildActionResult;+10
j  org.gradle.internal.buildprocess.execution.StartParamsValidatingActionExecutor.execute(Lorg/gradle/internal/invocation/BuildAction;Lorg/gradle/launcher/exec/BuildActionParameters;Lorg/gradle/initialization/BuildRequestContext;)Lorg/gradle/launcher/exec/BuildActionResult;+203
j  org.gradle.internal.buildprocess.execution.StartParamsValidatingActionExecutor.execute(Lorg/gradle/internal/invocation/BuildAction;Ljava/lang/Object;Ljava/lang/Object;)Lorg/gradle/launcher/exec/BuildActionResult;+10
j  org.gradle.internal.buildprocess.execution.SessionFailureReportingActionExecutor.execute(Lorg/gradle/internal/invocation/BuildAction;Lorg/gradle/launcher/exec/BuildActionParameters;Lorg/gradle/initialization/BuildRequestContext;)Lorg/gradle/launcher/exec/BuildActionResult;+7
j  org.gradle.internal.buildprocess.execution.SessionFailureReportingActionExecutor.execute(Lorg/gradle/internal/invocation/BuildAction;Ljava/lang/Object;Ljava/lang/Object;)Lorg/gradle/launcher/exec/BuildActionResult;+10
j  org.gradle.internal.buildprocess.execution.SetupLoggingActionExecutor.execute(Lorg/gradle/internal/invocation/BuildAction;Lorg/gradle/launcher/exec/BuildActionParameters;Lorg/gradle/initialization/BuildRequestContext;)Lorg/gradle/launcher/exec/BuildActionResult;+50
j  org.gradle.internal.buildprocess.execution.SetupLoggingActionExecutor.execute(Lorg/gradle/internal/invocation/BuildAction;Ljava/lang/Object;Ljava/lang/Object;)Lorg/gradle/launcher/exec/BuildActionResult;+10
j  org.gradle.launcher.daemon.server.exec.ExecuteBuild.doBuild(Lorg/gradle/launcher/daemon/server/api/DaemonCommandExecution;Lorg/gradle/launcher/daemon/protocol/Build;)V+147
j  org.gradle.launcher.daemon.server.exec.BuildCommandOnly.execute(Lorg/gradle/launcher/daemon/server/api/DaemonCommandExecution;)V+49
j  org.gradle.launcher.daemon.server.api.DaemonCommandExecution.proceed()Z+23
j  org.gradle.launcher.daemon.server.exec.WatchForDisconnection.execute(Lorg/gradle/launcher/daemon/server/api/DaemonCommandExecution;)V+19
j  org.gradle.launcher.daemon.server.api.DaemonCommandExecution.proceed()Z+23
j  org.gradle.launcher.daemon.server.exec.ResetDeprecationLogger.execute(Lorg/gradle/launcher/daemon/server/api/DaemonCommandExecution;)V+7
j  org.gradle.launcher.daemon.server.api.DaemonCommandExecution.proceed()Z+23
j  org.gradle.launcher.daemon.server.exec.RequestStopIfSingleUsedDaemon.execute(Lorg/gradle/launcher/daemon/server/api/DaemonCommandExecution;)V+33
j  org.gradle.launcher.daemon.server.api.DaemonCommandExecution.proceed()Z+23
j  org.gradle.launcher.daemon.server.exec.ForwardClientInput.lambda$execute$0(Lorg/gradle/launcher/daemon/server/api/DaemonCommandExecution;Lorg/gradle/internal/daemon/clientinput/StdinHandler;)Ljava/lang/Object;+11
j  org.gradle.launcher.daemon.server.exec.ForwardClientInput$$Lambda+0x0000000100255b88.apply(Ljava/lang/Object;)Ljava/lang/Object;+8
j  org.gradle.internal.daemon.clientinput.ClientInputForwarder.forwardInput(Ljava/util/function/Function;)Ljava/lang/Object;+46
j  org.gradle.launcher.daemon.server.exec.ForwardClientInput.execute(Lorg/gradle/launcher/daemon/server/api/DaemonCommandExecution;)V+10
j  org.gradle.launcher.daemon.server.api.DaemonCommandExecution.proceed()Z+23
j  org.gradle.launcher.daemon.server.exec.LogAndCheckHealth.execute(Lorg/gradle/launcher/daemon/server/api/DaemonCommandExecution;)V+51
j  org.gradle.launcher.daemon.server.api.DaemonCommandExecution.proceed()Z+23
j  org.gradle.launcher.daemon.server.exec.LogToClient.doBuild(Lorg/gradle/launcher/daemon/server/api/DaemonCommandExecution;Lorg/gradle/launcher/daemon/protocol/Build;)V+87
j  org.gradle.launcher.daemon.server.exec.BuildCommandOnly.execute(Lorg/gradle/launcher/daemon/server/api/DaemonCommandExecution;)V+49
j  org.gradle.launcher.daemon.server.api.DaemonCommandExecution.proceed()Z+23
j  org.gradle.launcher.daemon.server.exec.EstablishBuildEnvironment.doBuild(Lorg/gradle/launcher/daemon/server/api/DaemonCommandExecution;Lorg/gradle/launcher/daemon/protocol/Build;)V+356
j  org.gradle.launcher.daemon.server.exec.BuildCommandOnly.execute(Lorg/gradle/launcher/daemon/server/api/DaemonCommandExecution;)V+49
j  org.gradle.launcher.daemon.server.api.DaemonCommandExecution.proceed()Z+23
j  org.gradle.launcher.daemon.server.exec.StartBuildOrRespondWithBusy$1.run()V+44
j  org.gradle.launcher.daemon.server.DaemonStateCoordinator.lambda$runCommand$0(Ljava/lang/Runnable;)V+1
j  org.gradle.launcher.daemon.server.DaemonStateCoordinator$$Lambda+0x0000000100254470.run()V+8
j  org.gradle.internal.concurrent.ExecutorPolicy$CatchAndRecordFailures.onExecute(Ljava/lang/Runnable;)V+1
j  org.gradle.internal.concurrent.AbstractManagedExecutor$1.run()V+25
j  java.util.concurrent.ThreadPoolExecutor.runWorker(Ljava/util/concurrent/ThreadPoolExecutor$Worker;)V+92 java.base@21.0.4
j  java.util.concurrent.ThreadPoolExecutor$Worker.run()V+5 java.base@21.0.4
j  java.lang.Thread.runWith(Ljava/lang/Object;Ljava/lang/Runnable;)V+5 java.base@21.0.4
j  java.lang.Thread.run()V+19 java.base@21.0.4
v  ~StubRoutines::call_stub 0x0000024e3831100d

Compiled method (n/a)    3570 1004     n 0       java.lang.ClassLoader::defineClass1 (native)
 total in heap  [0x0000024e38aca010,0x0000024e38aca648] = 1592
 relocation     [0x0000024e38aca168,0x0000024e38aca1a0] = 56
 main code      [0x0000024e38aca1a0,0x0000024e38aca647] = 1191
 stub code      [0x0000024e38aca647,0x0000024e38aca648] = 1

[Constant Pool (empty)]

[MachCode]
[Entry Point]
  # {method} {0x0000024e47025008} 'defineClass1' '(Ljava/lang/ClassLoader;Ljava/lang/String;[BIILjava/security/ProtectionDomain;Ljava/lang/String;)Ljava/lang/Class;' in 'java/lang/ClassLoader'
  # parm0:    rdx:rdx   = 'java/lang/ClassLoader'
  # parm1:    r8:r8     = 'java/lang/String'
  # parm2:    r9:r9     = '[B'
  # parm3:    rdi       = int
  # parm4:    rsi       = int
  # parm5:    rcx:rcx   = 'java/security/ProtectionDomain'
  # parm6:    [sp+0xa0]   = 'java/lang/String'  (sp of caller)
  0x0000024e38aca1a0: 448b 5208 | 49c1 e203 | 493b c20f | 8407 0000 

  0x0000024e38aca1b0: ;   {runtime_call ic_miss_stub}
  0x0000024e38aca1b0: 00e9 ca45 | 89ff 6690 
[Verified Entry Point]
  0x0000024e38aca1b8: 8984 2400 | 80ff ff55 | 488b ec48 | 81ec 9000 | 0000 6690 | 4181 7f20 | 0300 0000 

  0x0000024e38aca1d4: ;   {runtime_call StubRoutines (final stubs)}
  0x0000024e38aca1d4: 7405 e845 | f987 ff48 | 837d 1000 | 488d 4510 | 480f 4445 | 1048 8944 | 2440 4889 | 4c24 7048 
  0x0000024e38aca1f4: 83f9 0048 | 8d44 2470 | 480f 4444 | 2470 4889 | 4424 3848 | 8974 2430 | 4889 7c24 | 284c 894c 
  0x0000024e38aca214: 2458 4983 | f900 488d | 4424 5848 | 0f44 4424 | 5848 8944 | 2420 4c89 | 4424 5049 | 83f8 004c 
  0x0000024e38aca234: 8d4c 2450 | 4c0f 444c | 2450 4889 | 5424 4848 | 83fa 004c | 8d44 2448 | 4c0f 4444 

  0x0000024e38aca250: ;   {oop(a 'java/lang/Class'{0x00000000805ecdc0} = 'java/lang/ClassLoader')}
  0x0000024e38aca250: 2448 49be | c0cd 5e80 | 0000 0000 | 4c89 7424 | 784c 8d74 | 2478 498b | d6c5 f877 

  0x0000024e38aca26c: ;   {internal_word}
  0x0000024e38aca26c: 49ba 69a2 | ac38 4e02 | 0000 4d89 | 97a0 0300 | 0049 89a7 | 9803 0000 

  0x0000024e38aca284: ;   {external_word}
  0x0000024e38aca284: 49ba 40e7 | f6ab fc7f | 0000 4180 | 3a00 0f84 | 4e00 0000 | 5241 5041 

  0x0000024e38aca29c: ;   {metadata({method} {0x0000024e47025008} 'defineClass1' '(Ljava/lang/ClassLoader;Ljava/lang/String;[BIILjava/security/ProtectionDomain;Ljava/lang/String;)Ljava/lang/Class;' in 'java/lang/ClassLoader')}
  0x0000024e38aca29c: 5148 ba00 | 5002 474e | 0200 0049 | 8bcf 4883 | ec20 40f6 | c40f 0f84 | 1900 0000 | 4883 ec08 
  0x0000024e38aca2bc: ;   {runtime_call}
  0x0000024e38aca2bc: 48b8 4054 | b1ab fc7f | 0000 ffd0 | 4883 c408 | e90c 0000 

  0x0000024e38aca2d0: ;   {runtime_call}
  0x0000024e38aca2d0: 0048 b840 | 54b1 abfc | 7f00 00ff | d048 83c4 | 2041 5941 | 585a 498d | 8fb8 0300 | 0041 c787 
  0x0000024e38aca2f0: 4c04 0000 | 0400 0000 

  0x0000024e38aca2f8: ;   {runtime_call}
  0x0000024e38aca2f8: 48b8 ac16 | c4f7 fc7f | 0000 ffd0 | c5f8 7741 | c787 4c04 | 0000 0500 | 0000 f083 | 4424 c000 
  0x0000024e38aca318: 493b af50 | 0400 000f | 870e 0000 | 0041 83bf | 4804 0000 | 000f 842b | 0000 00c5 | f877 4889 
  0x0000024e38aca338: 45f8 498b | cf4c 8be4 | 4883 ec20 | 4883 e4f0 

  0x0000024e38aca348: ;   {runtime_call}
  0x0000024e38aca348: 48b8 60c7 | 7cab fc7f | 0000 ffd0 | 498b e44d | 33e4 488b | 45f8 41c7 | 874c 0400 | 0008 0000 
  0x0000024e38aca368: 0041 83bf | c804 0000 | 020f 84a3 

  0x0000024e38aca374: ;   {external_word}
  0x0000024e38aca374: 0200 0049 | ba40 e7f6 | abfc 7f00 | 0041 803a | 000f 844c | 0000 0048 

  0x0000024e38aca38c: ;   {metadata({method} {0x0000024e47025008} 'defineClass1' '(Ljava/lang/ClassLoader;Ljava/lang/String;[BIILjava/security/ProtectionDomain;Ljava/lang/String;)Ljava/lang/Class;' in 'java/lang/ClassLoader')}
  0x0000024e38aca38c: 8945 f848 | ba00 5002 | 474e 0200 | 0049 8bcf | 4883 ec20 | 40f6 c40f | 0f84 1900 | 0000 4883 
  0x0000024e38aca3ac: ;   {runtime_call}
  0x0000024e38aca3ac: ec08 48b8 | 4054 b1ab | fc7f 0000 | ffd0 4883 | c408 e90c 

  0x0000024e38aca3c0: ;   {runtime_call}
  0x0000024e38aca3c0: 0000 0048 | b840 54b1 | abfc 7f00 | 00ff d048 | 83c4 2048 | 8b45 f849 | c787 9803 | 0000 0000 
  0x0000024e38aca3e0: 0000 49c7 | 87a0 0300 | 0000 0000 | 00c5 f877 | 4885 c00f | 84fe 0100 | 00a8 030f | 8508 0000 
  0x0000024e38aca400: 0048 8b00 | e9ee 0100 | 00a8 010f | 8509 0000 | 0048 8b40 | fee9 dd01 | 0000 488b | 40ff 4180 
  0x0000024e38aca420: 7f40 000f | 84ce 0100 | 0048 83f8 | 000f 84c4 | 0100 0049 | 8b4f 2848 | 83f9 000f | 8414 0000 
  0x0000024e38aca440: 0048 83e9 | 0849 894f | 2849 034f | 3848 8901 | e9a2 0100 | 0048 81ec | d000 0000 | 4889 0424 
  0x0000024e38aca460: 4889 4c24 | 0848 8954 | 2410 4889 | 7424 1848 | 897c 2420 | 4c89 4424 | 284c 894c | 2430 4c89 
  0x0000024e38aca480: 5424 384c | 895c 2440 | c5fb 1144 | 2450 c5fb | 114c 2458 | c5fb 1154 | 2460 c5fb | 115c 2468 
  0x0000024e38aca4a0: c5fb 1164 | 2470 c5fb | 116c 2478 | c5fb 11b4 | 2480 0000 | 00c5 fb11 | bc24 8800 | 0000 c57b 
  0x0000024e38aca4c0: ;   {no_reloc}
  0x0000024e38aca4c0: 1184 2490 | 0000 00c5 | 7b11 8c24 | 9800 0000 | c57b 1194 | 24a0 0000 | 00c5 7b11 | 9c24 a800 
  0x0000024e38aca4e0: 0000 c57b | 11a4 24b0 | 0000 00c5 | 7b11 ac24 | b800 0000 | c57b 11b4 | 24c0 0000 | 00c5 7b11 
  0x0000024e38aca500: bc24 c800 | 0000 498b | d748 8bc8 | 4883 ec20 | 40f6 c40f | 0f84 1900 | 0000 4883 

  0x0000024e38aca51c: ;   {runtime_call}
  0x0000024e38aca51c: ec08 48b8 | 60dd 6fab | fc7f 0000 | ffd0 4883 | c408 e90c 

  0x0000024e38aca530: ;   {runtime_call}
  0x0000024e38aca530: 0000 0048 | b860 dd6f | abfc 7f00 | 00ff d048 | 83c4 20c5 | 7b10 bc24 | c800 0000 | c57b 10b4 
  0x0000024e38aca550: 24c0 0000 | 00c5 7b10 | ac24 b800 | 0000 c57b | 10a4 24b0 | 0000 00c5 | 7b10 9c24 | a800 0000 
  0x0000024e38aca570: c57b 1094 | 24a0 0000 | 00c5 7b10 | 8c24 9800 | 0000 c57b | 1084 2490 | 0000 00c5 | fb10 bc24 
  0x0000024e38aca590: 8800 0000 | c5fb 10b4 | 2480 0000 | 00c5 fb10 | 6c24 78c5 | fb10 6424 | 70c5 fb10 | 5c24 68c5 
  0x0000024e38aca5b0: fb10 5424 | 60c5 fb10 | 4c24 58c5 | fb10 4424 | 504c 8b5c | 2440 4c8b | 5424 384c | 8b4c 2430 
  0x0000024e38aca5d0: 4c8b 4424 | 2848 8b7c | 2420 488b | 7424 1848 | 8b54 2410 | 488b 4c24 | 0848 8b04 | 2448 81c4 
  0x0000024e38aca5f0: d000 0000 | c5f8 7749 | 8b8f 2804 | 0000 c781 | 0001 0000 | 0000 0000 | c949 837f | 0800 0f85 
  0x0000024e38aca610: 0100 0000 

  0x0000024e38aca614: ;   {runtime_call StubRoutines (initial stubs)}
  0x0000024e38aca614: c3e9 e668 | 84ff c5f8 | 7748 8945 | f84c 8be4 | 4883 ec20 | 4883 e4f0 

  0x0000024e38aca62c: ;   {runtime_call}
  0x0000024e38aca62c: 48b8 e08b | b1ab fc7f | 0000 ffd0 | 498b e44d | 33e4 488b | 45f8 e930 | fdff fff4 
[/MachCode]


Compiled method (c1)    3577 1098       3       java.lang.ClassLoader::defineClass (43 bytes)
 total in heap  [0x0000024e310ad890,0x0000024e310ae200] = 2416
 relocation     [0x0000024e310ad9e8,0x0000024e310ada88] = 160
 main code      [0x0000024e310adaa0,0x0000024e310adf38] = 1176
 stub code      [0x0000024e310adf38,0x0000024e310adfb0] = 120
 metadata       [0x0000024e310adfb0,0x0000024e310adff0] = 64
 scopes data    [0x0000024e310adff0,0x0000024e310ae0e0] = 240
 scopes pcs     [0x0000024e310ae0e0,0x0000024e310ae1c0] = 224
 dependencies   [0x0000024e310ae1c0,0x0000024e310ae1d8] = 24
 nul chk table  [0x0000024e310ae1d8,0x0000024e310ae200] = 40

[Constant Pool (empty)]

[MachCode]
[Entry Point]
  # {method} {0x0000024e47024e28} 'defineClass' '(Ljava/lang/String;[BIILjava/security/ProtectionDomain;)Ljava/lang/Class;' in 'java/lang/ClassLoader'
  # this:     rdx:rdx   = 'java/lang/ClassLoader'
  # parm0:    r8:r8     = 'java/lang/String'
  # parm1:    r9:r9     = '[B'
  # parm2:    rdi       = int
  # parm3:    rsi       = int
  # parm4:    rcx:rcx   = 'java/security/ProtectionDomain'
  #           [sp+0xc0]  (sp of caller)
  0x0000024e310adaa0: 448b 5208 | 49c1 e203 

  0x0000024e310adaa8: ;   {runtime_call ic_miss_stub}
  0x0000024e310adaa8: 4c3b d00f | 85cf 0c2b | 070f 1f84 | 0000 0000 | 000f 1f80 | 0000 0000 
[Verified Entry Point]
  0x0000024e310adac0: 8984 2400 | 80ff ff55 | 4881 ecb0 | 0000 0090 | 4181 7f20 | 0300 0000 

  0x0000024e310adad8: ;   {runtime_call StubRoutines (final stubs)}
  0x0000024e310adad8: 7405 e841 | c029 0748 | 8954 2478 

  0x0000024e310adae4: ;   {metadata(method data for {method} {0x0000024e47024e28} 'defineClass' '(Ljava/lang/String;[BIILjava/security/ProtectionDomain;)Ljava/lang/Class;' in 'java/lang/ClassLoader')}
  0x0000024e310adae4: 48bb e872 | 9b47 4e02 | 0000 8b83 | cc00 0000 | 83c0 0289 | 83cc 0000 | 0025 fe07 | 0000 85c0 
  0x0000024e310adb04: 0f84 5003 | 0000 89b4 | 2494 0000 | 0089 bc24 | 9000 0000 | 4c89 8c24 | 8800 0000 

  0x0000024e310adb20: ;   {metadata(method data for {method} {0x0000024e47024e28} 'defineClass' '(Ljava/lang/String;[BIILjava/security/ProtectionDomain;)Ljava/lang/Class;' in 'java/lang/ClassLoader')}
  0x0000024e310adb20: 488b da48 | b8e8 729b | 474e 0200 | 0048 8380 | 1001 0000 | 0149 8bd8 | 4c8b c34c | 8bc9 488b 
  0x0000024e310adb40: ca48 8bd1 | 4889 9c24 | 8000 0000 

  0x0000024e310adb4c: ;   {optimized virtual_call}
  0x0000024e310adb4c: 6666 90e8 

  0x0000024e310adb50: ; ImmutableOopMap {[120]=Oop [128]=Oop [136]=Oop }
                      ;*invokevirtual preDefineClass {reexecute=0 rethrow=0 return_oop=0}
                      ; - java.lang.ClassLoader::defineClass@4
  0x0000024e310adb50: 4c0a 0000 

  0x0000024e310adb54: ;   {other}
  0x0000024e310adb54: 0f1f 8400 | c402 0000 | 4889 8424 | 9800 0000 | 488b 5424 

  0x0000024e310adb68: ;   {metadata(method data for {method} {0x0000024e47024e28} 'defineClass' '(Ljava/lang/String;[BIILjava/security/ProtectionDomain;)Ljava/lang/Class;' in 'java/lang/ClassLoader')}
  0x0000024e310adb68: 7849 b8e8 | 729b 474e | 0200 0049 | 8380 4801 

  0x0000024e310adb78: ;   {metadata(method data for {method} {0x0000024e47024c48} 'defineClassSourceLocation' '(Ljava/security/ProtectionDomain;)Ljava/lang/String;' in 'java/lang/ClassLoader')}
  0x0000024e310adb78: 0000 0149 | b800 7a9b | 474e 0200 | 0041 8b90 | cc00 0000 | 83c2 0241 | 8990 cc00 | 0000 81e2 
  0x0000024e310adb98: feff 1f00 | 85d2 0f84 | d702 0000 

  0x0000024e310adba4: ; implicit exception: dispatches to 0x0000024e310ade9c
  0x0000024e310adba4: 483b 004c 

  0x0000024e310adba8: ;   {metadata(method data for {method} {0x0000024e47024c48} 'defineClassSourceLocation' '(Ljava/security/ProtectionDomain;)Ljava/lang/String;' in 'java/lang/ClassLoader')}
  0x0000024e310adba8: 8bc0 48ba | 007a 9b47 | 4e02 0000 | 4883 8210 | 0100 0001 | 448b 4010 

  0x0000024e310adbc0: ;   {metadata(method data for {method} {0x0000024e47024c48} 'defineClassSourceLocation' '(Ljava/security/ProtectionDomain;)Ljava/lang/String;' in 'java/lang/ClassLoader')}
  0x0000024e310adbc0: 4d85 c048 | ba00 7a9b | 474e 0200 | 0048 be58 | 0100 0000 | 0000 0075 | 0a48 be48 | 0100 0000 
  0x0000024e310adbe0: 0000 0048 | 8b3c 3248 | 8d7f 0148 | 893c 320f | 850f 0000 

  0x0000024e310adbf4: ;   {oop(nullptr)}
  0x0000024e310adbf4: 0048 bb00 | 0000 0000 | 0000 00e9 | 9b01 0000 

  0x0000024e310adc04: ; implicit exception: dispatches to 0x0000024e310adea1
  0x0000024e310adc04: 493b 0049 

  0x0000024e310adc08: ;   {metadata(method data for {method} {0x0000024e47024c48} 'defineClassSourceLocation' '(Ljava/security/ProtectionDomain;)Ljava/lang/String;' in 'java/lang/ClassLoader')}
  0x0000024e310adc08: 8bd0 48be | 007a 9b47 | 4e02 0000 | 4883 8668 | 0100 0001 | 418b 500c 

  0x0000024e310adc20: ;   {metadata(method data for {method} {0x0000024e47024c48} 'defineClassSourceLocation' '(Ljava/security/ProtectionDomain;)Ljava/lang/String;' in 'java/lang/ClassLoader')}
  0x0000024e310adc20: 4885 d248 | be00 7a9b | 474e 0200 | 0048 bfb0 | 0100 0000 | 0000 0075 | 0a48 bfa0 | 0100 0000 
  0x0000024e310adc40: 0000 0048 | 8b1c 3e48 | 8d5b 0148 | 891c 3e0f | 850f 0000 

  0x0000024e310adc54: ;   {oop(nullptr)}
  0x0000024e310adc54: 0048 bb00 | 0000 0000 | 0000 00e9 | 3b01 0000 

  0x0000024e310adc64: ;   {metadata(method data for {method} {0x0000024e47024c48} 'defineClassSourceLocation' '(Ljava/security/ProtectionDomain;)Ljava/lang/String;' in 'java/lang/ClassLoader')}
  0x0000024e310adc64: 48be 007a | 9b47 4e02 | 0000 4883 | 86c0 0100 | 0001 483b | 024c 8bc2 

  0x0000024e310adc7c: ;   {metadata(method data for {method} {0x0000024e47024c48} 'defineClassSourceLocation' '(Ljava/security/ProtectionDomain;)Ljava/lang/String;' in 'java/lang/ClassLoader')}
  0x0000024e310adc7c: 48be 007a | 9b47 4e02 | 0000 4883 | 86f8 0100 

  0x0000024e310adc8c: ;   {metadata(method data for {method} {0x0000024e470f5f88} 'toString' '()Ljava/lang/String;' in 'java/net/URL')}
  0x0000024e310adc8c: 0001 49b8 | 889a 6847 | 4e02 0000 | 418b b0cc | 0000 0083 | c602 4189 | b0cc 0000 | 0081 e6fe 
  0x0000024e310adcac: ff1f 0085 | f60f 84f4 | 0100 004c 

  0x0000024e310adcb8: ;   {metadata(method data for {method} {0x0000024e470f5f88} 'toString' '()Ljava/lang/String;' in 'java/net/URL')}
  0x0000024e310adcb8: 8bc2 48be | 889a 6847 | 4e02 0000 | 4883 8610 | 0100 0001 

  0x0000024e310adccc: ;   {metadata(method data for {method} {0x0000024e470f6040} 'toExternalForm' '()Ljava/lang/String;' in 'java/net/URL')}
  0x0000024e310adccc: 49b8 109c | 6847 4e02 | 0000 418b | b0cc 0000 | 0083 c602 | 4189 b0cc | 0000 0081 | e6fe ff1f 
  0x0000024e310adcec: 0085 f60f | 84d7 0100 | 008b 7238 

  0x0000024e310adcf8: ; implicit exception: dispatches to 0x0000024e310adeed
  0x0000024e310adcf8: 483b 064c 

  0x0000024e310adcfc: ;   {metadata(method data for {method} {0x0000024e470f6040} 'toExternalForm' '()Ljava/lang/String;' in 'java/net/URL')}
  0x0000024e310adcfc: 8bc6 48bf | 109c 6847 | 4e02 0000 | 458b 4008 | 49c1 e003 | 4c3b 8720 | 0100 0075 | 0d48 8387 
  0x0000024e310add1c: 2801 0000 | 01e9 6000 | 0000 4c3b | 8730 0100 | 0075 0d48 | 8387 3801 | 0000 01e9 | 4a00 0000 
  0x0000024e310add3c: 4883 bf20 | 0100 0000 | 7517 4c89 | 8720 0100 | 0048 c787 | 2801 0000 | 0100 0000 | e929 0000 
  0x0000024e310add5c: 0048 83bf | 3001 0000 | 0075 174c | 8987 3001 | 0000 48c7 | 8738 0100 | 0001 0000 | 00e9 0800 
  0x0000024e310add7c: 0000 4883 | 8710 0100 | 0001 4c8b | c248 8bd6 

  0x0000024e310add8c: ;   {optimized virtual_call}
  0x0000024e310add8c: 6666 90e8 

  0x0000024e310add90: ; ImmutableOopMap {[120]=Oop [128]=Oop [136]=Oop [152]=Oop }
                      ;*invokevirtual toExternalForm {reexecute=0 rethrow=0 return_oop=0}
                      ; - java.net.URL::toExternalForm@5
                      ; - java.net.URL::toString@1
                      ; - java.lang.ClassLoader::defineClassSourceLocation@22
                      ; - java.lang.ClassLoader::defineClass@12
  0x0000024e310add90: 6c87 f7ff 

  0x0000024e310add94: ;   {other}
  0x0000024e310add94: 0f1f 8400 | 0405 0001 | 488b d848 | 8b84 2498 | 0000 008b | b424 9400 | 0000 8bbc | 2490 0000 
  0x0000024e310addb4: 004c 8b8c | 2488 0000 | 004c 8b84 | 2480 0000 | 0048 8b54 

  0x0000024e310addc8: ;   {metadata(method data for {method} {0x0000024e47024e28} 'defineClass' '(Ljava/lang/String;[BIILjava/security/ProtectionDomain;)Ljava/lang/Class;' in 'java/lang/ClassLoader')}
  0x0000024e310addc8: 2478 48b9 | e872 9b47 | 4e02 0000 | 4883 8180 | 0100 0001 | 4c8b da49 | 8bd3 488b | c848 891c 
  0x0000024e310adde8: 2466 0f1f 

  0x0000024e310addec: ;   {static_call}
  0x0000024e310addec: 4400 00e8 

  0x0000024e310addf0: ; ImmutableOopMap {[120]=Oop [152]=Oop }
                      ;*invokestatic defineClass1 {reexecute=0 rethrow=0 return_oop=0}
                      ; - java.lang.ClassLoader::defineClass@27
  0x0000024e310addf0: c4c3 a107 

  0x0000024e310addf4: ;   {other}
  0x0000024e310addf4: 0f1f 8400 | 6405 0002 | 488b 5424 

  0x0000024e310ade00: ;   {metadata(method data for {method} {0x0000024e47024e28} 'defineClass' '(Ljava/lang/String;[BIILjava/security/ProtectionDomain;)Ljava/lang/Class;' in 'java/lang/ClassLoader')}
  0x0000024e310ade00: 7849 b8e8 | 729b 474e | 0200 0049 | 8380 9001 | 0000 014c | 8bc0 4c8b | 8c24 9800 | 0000 488b 
  0x0000024e310ade20: 5424 7848 | 8984 24a0 | 0000 000f 

  0x0000024e310ade2c: ;   {optimized virtual_call}
  0x0000024e310ade2c: 1f40 00e8 

  0x0000024e310ade30: ; ImmutableOopMap {[160]=Oop }
                      ;*invokevirtual postDefineClass {reexecute=0 rethrow=0 return_oop=0}
                      ; - java.lang.ClassLoader::defineClass@37
  0x0000024e310ade30: 6cc0 0a00 

  0x0000024e310ade34: ;   {other}
  0x0000024e310ade34: 0f1f 8400 | a405 0003 | 488b 8424 | a000 0000 | 4881 c4b0 | 0000 005d 

  0x0000024e310ade4c: ;   {poll_return}
  0x0000024e310ade4c: 493b a750 | 0400 000f | 8799 0000 

  0x0000024e310ade58: ;   {metadata({method} {0x0000024e47024e28} 'defineClass' '(Ljava/lang/String;[BIILjava/security/ProtectionDomain;)Ljava/lang/Class;' in 'java/lang/ClassLoader')}
  0x0000024e310ade58: 00c3 49ba | 204e 0247 | 4e02 0000 | 4c89 5424 | 0848 c704 | 24ff ffff 

  0x0000024e310ade70: ;   {runtime_call counter_overflow Runtime1 stub}
  0x0000024e310ade70: ffe8 0a2d 

  0x0000024e310ade74: ; ImmutableOopMap {rdx=Oop r8=Oop r9=Oop rcx=Oop [120]=Oop }
                      ;*synchronization entry
                      ; - java.lang.ClassLoader::defineClass@-1
  0x0000024e310ade74: 3707 e98f 

  0x0000024e310ade78: ;   {metadata({method} {0x0000024e47024c48} 'defineClassSourceLocation' '(Ljava/security/ProtectionDomain;)Ljava/lang/String;' in 'java/lang/ClassLoader')}
  0x0000024e310ade78: fcff ff49 | ba40 4c02 | 474e 0200 | 004c 8954 | 2408 48c7 | 0424 ffff 

  0x0000024e310ade90: ;   {runtime_call counter_overflow Runtime1 stub}
  0x0000024e310ade90: ffff e8e9 

  0x0000024e310ade94: ; ImmutableOopMap {rax=Oop [120]=Oop [128]=Oop [136]=Oop [152]=Oop }
                      ;*synchronization entry
                      ; - java.lang.ClassLoader::defineClassSourceLocation@-1
                      ; - java.lang.ClassLoader::defineClass@12
  0x0000024e310ade94: 2c37 07e9 | 08fd ffff 

  0x0000024e310ade9c: ;   {runtime_call throw_null_pointer_exception Runtime1 stub}
  0x0000024e310ade9c: e8df db36 

  0x0000024e310adea0: ; ImmutableOopMap {rax=Oop [120]=Oop [128]=Oop [136]=Oop [152]=Oop }
                      ;*invokevirtual getCodeSource {reexecute=0 rethrow=0 return_oop=0}
                      ; - java.lang.ClassLoader::defineClassSourceLocation@1
                      ; - java.lang.ClassLoader::defineClass@12
                      ;   {runtime_call throw_null_pointer_exception Runtime1 stub}
  0x0000024e310adea0: 07e8 dadb 

  0x0000024e310adea4: ; ImmutableOopMap {rax=Oop r8=Oop [120]=Oop [128]=Oop [136]=Oop [152]=Oop }
                      ;*invokevirtual getLocation {reexecute=0 rethrow=0 return_oop=0}
                      ; - java.lang.ClassLoader::defineClassSourceLocation@12
                      ; - java.lang.ClassLoader::defineClass@12
                      ;   {runtime_call throw_null_pointer_exception Runtime1 stub}
  0x0000024e310adea4: 3607 e8d5 

  0x0000024e310adea8: ; ImmutableOopMap {rdx=Oop [120]=Oop [128]=Oop [136]=Oop [152]=Oop }
                      ;*invokevirtual toString {reexecute=0 rethrow=0 return_oop=0}
                      ; - java.lang.ClassLoader::defineClassSourceLocation@22
                      ; - java.lang.ClassLoader::defineClass@12
                      ;   {metadata({method} {0x0000024e470f5f88} 'toString' '()Ljava/lang/String;' in 'java/net/URL')}
  0x0000024e310adea8: db36 0749 | ba80 5f0f | 474e 0200 | 004c 8954 | 2408 48c7 | 0424 ffff 

  0x0000024e310adec0: ;   {runtime_call counter_overflow Runtime1 stub}
  0x0000024e310adec0: ffff e8b9 

  0x0000024e310adec4: ; ImmutableOopMap {rdx=Oop [120]=Oop [128]=Oop [136]=Oop [152]=Oop }
                      ;*synchronization entry
                      ; - java.net.URL::toString@-1
                      ; - java.lang.ClassLoader::defineClassSourceLocation@22
                      ; - java.lang.ClassLoader::defineClass@12
  0x0000024e310adec4: 2c37 07e9 | ebfd ffff 

  0x0000024e310adecc: ;   {metadata({method} {0x0000024e470f6040} 'toExternalForm' '()Ljava/lang/String;' in 'java/net/URL')}
  0x0000024e310adecc: 49ba 3860 | 0f47 4e02 | 0000 4c89 | 5424 0848 | c704 24ff 

  0x0000024e310adee0: ;   {runtime_call counter_overflow Runtime1 stub}
  0x0000024e310adee0: ffff ffe8 

  0x0000024e310adee4: ; ImmutableOopMap {rdx=Oop [120]=Oop [128]=Oop [136]=Oop [152]=Oop }
                      ;*synchronization entry
                      ; - java.net.URL::toExternalForm@-1
                      ; - java.net.URL::toString@1
                      ; - java.lang.ClassLoader::defineClassSourceLocation@22
                      ; - java.lang.ClassLoader::defineClass@12
  0x0000024e310adee4: 982c 3707 | e908 feff 

  0x0000024e310adeec: ;   {runtime_call throw_null_pointer_exception Runtime1 stub}
  0x0000024e310adeec: ffe8 8edb 

  0x0000024e310adef0: ; ImmutableOopMap {rdx=Oop rsi=Oop [120]=Oop [128]=Oop [136]=Oop [152]=Oop }
                      ;*invokevirtual toExternalForm {reexecute=0 rethrow=0 return_oop=0}
                      ; - java.net.URL::toExternalForm@5
                      ; - java.net.URL::toString@1
                      ; - java.lang.ClassLoader::defineClassSourceLocation@22
                      ; - java.lang.ClassLoader::defineClass@12
                      ;   {internal_word}
  0x0000024e310adef0: 3607 49ba | 4cde 0a31 | 4e02 0000 | 4d89 9768 

  0x0000024e310adf00: ;   {runtime_call SafepointBlob}
  0x0000024e310adf00: 0400 00e9 | f877 2b07 | 498b 8700 | 0500 0049 | c787 0005 | 0000 0000 | 0000 49c7 | 8708 0500 
  0x0000024e310adf20: 0000 0000 | 0048 81c4 | b000 0000 

  0x0000024e310adf2c: ;   {runtime_call unwind_exception Runtime1 stub}
  0x0000024e310adf2c: 5de9 4ecc | 3607 f4f4 | f4f4 f4f4 
[Stub Code]
  0x0000024e310adf38: ;   {no_reloc}
  0x0000024e310adf38: 0f1f 4400 

  0x0000024e310adf3c: ;   {static_stub}
  0x0000024e310adf3c: 0048 bb00 | 0000 0000 

  0x0000024e310adf44: ;   {runtime_call}
  0x0000024e310adf44: 0000 00e9 | fbff ffff 

  0x0000024e310adf4c: ;   {static_stub}
  0x0000024e310adf4c: 48bb 684b | 0247 4e02 

  0x0000024e310adf54: ;   {runtime_call I2C/C2I adapters}
  0x0000024e310adf54: 0000 e907 

  0x0000024e310adf58: ;   {static_stub}
  0x0000024e310adf58: ce2a 0748 | bb00 0000 | 0000 0000 

  0x0000024e310adf64: ;   {runtime_call}
  0x0000024e310adf64: 00e9 fbff 

  0x0000024e310adf68: ;   {static_stub}
  0x0000024e310adf68: ffff 48bb | 304d 0247 | 4e02 0000 

  0x0000024e310adf74: ;   {runtime_call I2C/C2I adapters}
  0x0000024e310adf74: e9e9 cd2a 

  0x0000024e310adf78: ;   {runtime_call handle_exception_from_callee Runtime1 stub}
  0x0000024e310adf78: 07e8 02f9 

  0x0000024e310adf7c: ;   {external_word}
  0x0000024e310adf7c: 3607 48b9 | e07f d1ab | fc7f 0000 | 4883 e4f0 

  0x0000024e310adf8c: ;   {runtime_call}
  0x0000024e310adf8c: 48b8 5061 | a0ab fc7f | 0000 ffd0 

  0x0000024e310adf98: ;   {section_word}
  0x0000024e310adf98: f449 ba99 | df0a 314e | 0200 0041 

  0x0000024e310adfa4: ;   {runtime_call DeoptimizationBlob}
  0x0000024e310adfa4: 52e9 f669 | 2b07 f4f4 | f4f4 f4f4 
[/MachCode]


Compiled method (c1)    3587 1109       3       java.security.SecureClassLoader::defineClass (16 bytes)
 total in heap  [0x0000024e310b7390,0x0000024e310b7790] = 1024
 relocation     [0x0000024e310b74e8,0x0000024e310b7538] = 80
 main code      [0x0000024e310b7540,0x0000024e310b7698] = 344
 stub code      [0x0000024e310b7698,0x0000024e310b76e8] = 80
 metadata       [0x0000024e310b76e8,0x0000024e310b76f0] = 8
 scopes data    [0x0000024e310b76f0,0x0000024e310b7738] = 72
 scopes pcs     [0x0000024e310b7738,0x0000024e310b7788] = 80
 dependencies   [0x0000024e310b7788,0x0000024e310b7790] = 8

[Constant Pool (empty)]

[MachCode]
[Entry Point]
  # {method} {0x0000024e4703d460} 'defineClass' '(Ljava/lang/String;[BIILjava/security/CodeSource;)Ljava/lang/Class;' in 'java/security/SecureClassLoader'
  # this:     rdx:rdx   = 'java/security/SecureClassLoader'
  # parm0:    r8:r8     = 'java/lang/String'
  # parm1:    r9:r9     = '[B'
  # parm2:    rdi       = int
  # parm3:    rsi       = int
  # parm4:    rcx:rcx   = 'java/security/CodeSource'
  #           [sp+0x80]  (sp of caller)
  0x0000024e310b7540: 448b 5208 | 49c1 e203 

  0x0000024e310b7548: ;   {runtime_call ic_miss_stub}
  0x0000024e310b7548: 4c3b d00f | 852f 722a | 070f 1f84 | 0000 0000 | 000f 1f80 | 0000 0000 
[Verified Entry Point]
  0x0000024e310b7560: 8984 2400 | 80ff ff55 | 4883 ec70 | 4181 7f20 | 0300 0000 

  0x0000024e310b7574: ;   {runtime_call StubRoutines (final stubs)}
  0x0000024e310b7574: 7405 e8a5 

  0x0000024e310b7578: ;   {metadata(method data for {method} {0x0000024e4703d460} 'defineClass' '(Ljava/lang/String;[BIILjava/security/CodeSource;)Ljava/lang/Class;' in 'java/security/SecureClassLoader')}
  0x0000024e310b7578: 2529 0748 | bb88 4a9a | 474e 0200 | 008b 83cc | 0000 0083 | c002 8983 | cc00 0000 | 25fe 0700 
  0x0000024e310b7598: 0085 c00f | 8496 0000 | 0089 7424 | 5c89 7c24 | 584c 894c | 2450 4c89 | 4424 4848 

  0x0000024e310b75b4: ;   {metadata(method data for {method} {0x0000024e4703d460} 'defineClass' '(Ljava/lang/String;[BIILjava/security/CodeSource;)Ljava/lang/Class;' in 'java/security/SecureClassLoader')}
  0x0000024e310b75b4: 8bda 48b8 | 884a 9a47 | 4e02 0000 | 4883 8010 | 0100 0001 | 4c8b c148 | 8bc2 488b | d048 8944 
  0x0000024e310b75d4: ;   {optimized virtual_call}
  0x0000024e310b75d4: 2440 90e8 

  0x0000024e310b75d8: ; ImmutableOopMap {[64]=Oop [72]=Oop [80]=Oop }
                      ;*invokevirtual getProtectionDomain {reexecute=0 rethrow=0 return_oop=0}
                      ; - java.security.SecureClassLoader::defineClass@9
  0x0000024e310b75d8: 4442 ffff 

  0x0000024e310b75dc: ;   {other}
  0x0000024e310b75dc: 0f1f 8400 | 4c02 0000 | 488b 5424 

  0x0000024e310b75e8: ;   {metadata(method data for {method} {0x0000024e4703d460} 'defineClass' '(Ljava/lang/String;[BIILjava/security/CodeSource;)Ljava/lang/Class;' in 'java/security/SecureClassLoader')}
  0x0000024e310b75e8: 4049 b888 | 4a9a 474e | 0200 0049 | 8380 4801 | 0000 014c | 8b44 2448 | 4c8b 4c24 | 508b 7c24 
  0x0000024e310b7608: 588b 7424 | 5c48 8bc8 | 488b 5424 

  0x0000024e310b7614: ;   {optimized virtual_call}
  0x0000024e310b7614: 4066 90e8 

  0x0000024e310b7618: ; ImmutableOopMap {}
                      ;*invokevirtual defineClass {reexecute=0 rethrow=0 return_oop=0}
                      ; - java.security.SecureClassLoader::defineClass@12
  0x0000024e310b7618: a464 ffff 

  0x0000024e310b761c: ;   {other}
  0x0000024e310b761c: 0f1f 8400 | 8c02 0001 | 4883 c470 

  0x0000024e310b7628: ;   {poll_return}
  0x0000024e310b7628: 5d49 3ba7 | 5004 0000 | 0f87 2200 

  0x0000024e310b7634: ;   {metadata({method} {0x0000024e4703d460} 'defineClass' '(Ljava/lang/String;[BIILjava/security/CodeSource;)Ljava/lang/Class;' in 'java/security/SecureClassLoader')}
  0x0000024e310b7634: 0000 c349 | ba58 d403 | 474e 0200 | 004c 8954 | 2408 48c7 | 0424 ffff 

  0x0000024e310b764c: ;   {runtime_call counter_overflow Runtime1 stub}
  0x0000024e310b764c: ffff e82d 

  0x0000024e310b7650: ; ImmutableOopMap {rdx=Oop r8=Oop r9=Oop rcx=Oop }
                      ;*synchronization entry
                      ; - java.security.SecureClassLoader::defineClass@-1
  0x0000024e310b7650: 9536 07e9 | 49ff ffff 

  0x0000024e310b7658: ;   {internal_word}
  0x0000024e310b7658: 49ba 2976 | 0b31 4e02 | 0000 4d89 | 9768 0400 

  0x0000024e310b7668: ;   {runtime_call SafepointBlob}
  0x0000024e310b7668: 00e9 92e0 | 2a07 498b | 8700 0500 | 0049 c787 | 0005 0000 | 0000 0000 | 49c7 8708 | 0500 0000 
  0x0000024e310b7688: 0000 0048 | 83c4 705d 

  0x0000024e310b7690: ;   {runtime_call unwind_exception Runtime1 stub}
  0x0000024e310b7690: e9eb 3436 | 07f4 f4f4 
[Stub Code]
  0x0000024e310b7698: ;   {no_reloc}
  0x0000024e310b7698: 48bb 0000 | 0000 0000 

  0x0000024e310b76a0: ;   {runtime_call}
  0x0000024e310b76a0: 0000 e9fb 

  0x0000024e310b76a4: ;   {static_stub}
  0x0000024e310b76a4: ffff ff48 | bb00 0000 | 0000 0000 

  0x0000024e310b76b0: ;   {runtime_call}
  0x0000024e310b76b0: 00e9 fbff 

  0x0000024e310b76b4: ;   {runtime_call handle_exception_from_callee Runtime1 stub}
  0x0000024e310b76b4: ffff e8c5 

  0x0000024e310b76b8: ;   {external_word}
  0x0000024e310b76b8: 6136 0748 | b9e0 7fd1 | abfc 7f00 | 0048 83e4 

  0x0000024e310b76c8: ;   {runtime_call}
  0x0000024e310b76c8: f048 b850 | 61a0 abfc | 7f00 00ff 

  0x0000024e310b76d4: ;   {section_word}
  0x0000024e310b76d4: d0f4 49ba | d676 0b31 | 4e02 0000 

  0x0000024e310b76e0: ;   {runtime_call DeoptimizationBlob}
  0x0000024e310b76e0: 4152 e9b9 | d22a 07f4 
[/MachCode]


---------------  P R O C E S S  ---------------

Threads class SMR info:
_java_thread_list=0x0000024e4ca03bd0, length=28, elements={
0x0000024e2dd7e360, 0x0000024e4621d180, 0x0000024e4621fbf0, 0x0000024e462046c0,
0x0000024e46205e90, 0x0000024e46206ca0, 0x0000024e46209fe0, 0x0000024e46200850,
0x0000024e46201a90, 0x0000024e4636dbe0, 0x0000024e4641b2f0, 0x0000024e466dbd20,
0x0000024e466edaa0, 0x0000024e4b6236e0, 0x0000024e46cb7a80, 0x0000024e4c500d30,
0x0000024e4c53a430, 0x0000024e4c52f5e0, 0x0000024e4c54dff0, 0x0000024e4c54ee70,
0x0000024e4c929370, 0x0000024e4c930cb0, 0x0000024e4c932060, 0x0000024e4c933410,
0x0000024e4c930620, 0x0000024e4c933aa0, 0x0000024e4c9326f0, 0x0000024e4c931340
}

Java Threads: ( => current thread )
  0x0000024e2dd7e360 JavaThread "main"                              [_thread_blocked, id=23892, stack(0x000000c2c1c00000,0x000000c2c1d00000) (1024K)]
  0x0000024e4621d180 JavaThread "Reference Handler"          daemon [_thread_blocked, id=7776, stack(0x000000c2c2400000,0x000000c2c2500000) (1024K)]
  0x0000024e4621fbf0 JavaThread "Finalizer"                  daemon [_thread_blocked, id=34436, stack(0x000000c2c2500000,0x000000c2c2600000) (1024K)]
  0x0000024e462046c0 JavaThread "Signal Dispatcher"          daemon [_thread_blocked, id=13636, stack(0x000000c2c2600000,0x000000c2c2700000) (1024K)]
  0x0000024e46205e90 JavaThread "Attach Listener"            daemon [_thread_blocked, id=24124, stack(0x000000c2c2700000,0x000000c2c2800000) (1024K)]
  0x0000024e46206ca0 JavaThread "Service Thread"             daemon [_thread_blocked, id=22580, stack(0x000000c2c2800000,0x000000c2c2900000) (1024K)]
  0x0000024e46209fe0 JavaThread "Monitor Deflation Thread"   daemon [_thread_blocked, id=28784, stack(0x000000c2c2900000,0x000000c2c2a00000) (1024K)]
  0x0000024e46200850 JavaThread "C2 CompilerThread0"         daemon [_thread_in_native, id=33752, stack(0x000000c2c2a00000,0x000000c2c2b00000) (1024K)]
  0x0000024e46201a90 JavaThread "C1 CompilerThread0"         daemon [_thread_blocked, id=18228, stack(0x000000c2c2b00000,0x000000c2c2c00000) (1024K)]
  0x0000024e4636dbe0 JavaThread "Common-Cleaner"             daemon [_thread_blocked, id=22832, stack(0x000000c2c2c00000,0x000000c2c2d00000) (1024K)]
  0x0000024e4641b2f0 JavaThread "C1 CompilerThread1"         daemon [_thread_blocked, id=9032, stack(0x000000c2c2d00000,0x000000c2c2e00000) (1024K)]
  0x0000024e466dbd20 JavaThread "Notification Thread"        daemon [_thread_blocked, id=9452, stack(0x000000c2c2e00000,0x000000c2c2f00000) (1024K)]
  0x0000024e466edaa0 JavaThread "C2 CompilerThread1"         daemon [_thread_in_native, id=35764, stack(0x000000c2c2f00000,0x000000c2c3000000) (1024K)]
  0x0000024e4b6236e0 JavaThread "C1 CompilerThread2"         daemon [_thread_blocked, id=25972, stack(0x000000c2c3600000,0x000000c2c3700000) (1024K)]
  0x0000024e46cb7a80 JavaThread "C1 CompilerThread3"         daemon [_thread_blocked, id=30904, stack(0x000000c2c3700000,0x000000c2c3800000) (1024K)]
  0x0000024e4c500d30 JavaThread "Daemon health stats"               [_thread_blocked, id=25424, stack(0x000000c2c3100000,0x000000c2c3200000) (1024K)]
  0x0000024e4c53a430 JavaThread "Incoming local TCP Connector on port 51333"        [_thread_in_native, id=19728, stack(0x000000c2c3800000,0x000000c2c3900000) (1024K)]
  0x0000024e4c52f5e0 JavaThread "Daemon periodic checks"            [_thread_blocked, id=19820, stack(0x000000c2c3900000,0x000000c2c3a00000) (1024K)]
  0x0000024e4c54dff0 JavaThread "Daemon"                            [_thread_blocked, id=30108, stack(0x000000c2c3a00000,0x000000c2c3b00000) (1024K)]
  0x0000024e4c54ee70 JavaThread "Handler for socket connection from /127.0.0.1:51333 to /127.0.0.1:51334"        [_thread_in_native, id=3304, stack(0x000000c2c3b00000,0x000000c2c3c00000) (1024K)]
  0x0000024e4c929370 JavaThread "Cancel handler"                    [_thread_blocked, id=10936, stack(0x000000c2c3c00000,0x000000c2c3d00000) (1024K)]
=>0x0000024e4c930cb0 JavaThread "Daemon worker"                     [_thread_in_vm, id=31068, stack(0x000000c2c3d00000,0x000000c2c3e00000) (1024K)]
  0x0000024e4c932060 JavaThread "Asynchronous log dispatcher for DefaultDaemonConnection: socket connection from /127.0.0.1:51333 to /127.0.0.1:51334"        [_thread_blocked, id=28364, stack(0x000000c2c3e00000,0x000000c2c3f00000) (1024K)]
  0x0000024e4c933410 JavaThread "Stdin handler"                     [_thread_blocked, id=30516, stack(0x000000c2c3f00000,0x000000c2c4000000) (1024K)]
  0x0000024e4c930620 JavaThread "Daemon client event forwarder"        [_thread_blocked, id=22496, stack(0x000000c2c4000000,0x000000c2c4100000) (1024K)]
  0x0000024e4c933aa0 JavaThread "Cache worker for journal cache (C:\Users\khuon\.gradle\caches\journal-1)"        [_thread_blocked, id=14324, stack(0x000000c2c4a00000,0x000000c2c4b00000) (1024K)]
  0x0000024e4c9326f0 JavaThread "File lock request listener"        [_thread_in_native, id=26980, stack(0x000000c2c4b00000,0x000000c2c4c00000) (1024K)]
  0x0000024e4c931340 JavaThread "Cache worker for file hash cache (C:\Users\khuon\.gradle\caches\8.11.1\fileHashes)"        [_thread_blocked, id=10980, stack(0x000000c2c4c00000,0x000000c2c4d00000) (1024K)]
Total: 28

Other Threads:
  0x0000024e46160190 VMThread "VM Thread"                           [id=33072, stack(0x000000c2c2300000,0x000000c2c2400000) (1024K)]
  0x0000024e45fe9a20 WatcherThread "VM Periodic Task Thread"        [id=7724, stack(0x000000c2c2200000,0x000000c2c2300000) (1024K)]
  0x0000024e2ddd83f0 WorkerThread "GC Thread#0"                     [id=35448, stack(0x000000c2c1d00000,0x000000c2c1e00000) (1024K)]
  0x0000024e46c4c000 WorkerThread "GC Thread#1"                     [id=12824, stack(0x000000c2c3200000,0x000000c2c3300000) (1024K)]
  0x0000024e46d31640 WorkerThread "GC Thread#2"                     [id=9240, stack(0x000000c2c3300000,0x000000c2c3400000) (1024K)]
  0x0000024e469d9470 WorkerThread "GC Thread#3"                     [id=33012, stack(0x000000c2c3400000,0x000000c2c3500000) (1024K)]
  0x0000024e46e2eb70 WorkerThread "GC Thread#4"                     [id=13688, stack(0x000000c2c3500000,0x000000c2c3600000) (1024K)]
  0x0000024e4b8ca4c0 WorkerThread "GC Thread#5"                     [id=11704, stack(0x000000c2c3000000,0x000000c2c3100000) (1024K)]
  0x0000024e4c35ff60 WorkerThread "GC Thread#6"                     [id=30248, stack(0x000000c2c4100000,0x000000c2c4200000) (1024K)]
  0x0000024e4c35e600 WorkerThread "GC Thread#7"                     [id=12932, stack(0x000000c2c4200000,0x000000c2c4300000) (1024K)]
  0x0000024e4c35fbc0 WorkerThread "GC Thread#8"                     [id=11400, stack(0x000000c2c4300000,0x000000c2c4400000) (1024K)]
  0x0000024e4c35e9a0 WorkerThread "GC Thread#9"                     [id=19224, stack(0x000000c2c4400000,0x000000c2c4500000) (1024K)]
  0x0000024e4c35f0e0 WorkerThread "GC Thread#10"                    [id=896, stack(0x000000c2c4500000,0x000000c2c4600000) (1024K)]
  0x0000024e4c35ed40 WorkerThread "GC Thread#11"                    [id=17584, stack(0x000000c2c4600000,0x000000c2c4700000) (1024K)]
  0x0000024e4c35f480 WorkerThread "GC Thread#12"                    [id=30268, stack(0x000000c2c4700000,0x000000c2c4800000) (1024K)]
  0x0000024e2de28010 ConcurrentGCThread "G1 Main Marker"            [id=8940, stack(0x000000c2c1e00000,0x000000c2c1f00000) (1024K)]
  0x0000024e2de291c0 WorkerThread "G1 Conc#0"                       [id=17576, stack(0x000000c2c1f00000,0x000000c2c2000000) (1024K)]
  0x0000024e4c35f820 WorkerThread "G1 Conc#1"                       [id=24932, stack(0x000000c2c4800000,0x000000c2c4900000) (1024K)]
  0x0000024e4c59b9f0 WorkerThread "G1 Conc#2"                       [id=27448, stack(0x000000c2c4900000,0x000000c2c4a00000) (1024K)]
  0x0000024e45eb5350 ConcurrentGCThread "G1 Refine#0"               [id=30280, stack(0x000000c2c2000000,0x000000c2c2100000) (1024K)]
  0x0000024e45eb5b70 ConcurrentGCThread "G1 Service"                [id=8280, stack(0x000000c2c2100000,0x000000c2c2200000) (1024K)]
Total: 21

Threads with active compile tasks:
C2 CompilerThread0     3592 2852       4       java.lang.invoke.MethodType::makeImpl (109 bytes)
C2 CompilerThread1     3592 2841   !   4       java.lang.ClassLoader::loadClass (121 bytes)
Total: 2

VM state: not at safepoint (normal execution)

VM Mutex/Monitor currently owned by a thread:  ([mutex/lock_event])
[0x00007ffcabf850f8] Metaspace_lock - owner thread: 0x0000024e4c930cb0

Heap address: 0x0000000080000000, size: 2048 MB, Compressed Oops mode: 32-bit

CDS archive(s) not mapped
Compressed class space mapped at: 0x0000000100000000-0x0000000140000000, reserved size: 1073741824
Narrow klass base: 0x0000000000000000, Narrow klass shift: 3, Narrow klass range: 0x140000000

GC Precious Log:
 CardTable entry size: 512
 Card Set container configuration: InlinePtr #cards 5 size 8 Array Of Cards #cards 12 size 40 Howl #buckets 4 coarsen threshold 1843 Howl Bitmap #cards 512 size 80 coarsen threshold 460 Card regions per heap region 1 cards per card region 2048
 CPUs: 16 total, 16 available
 Memory: 14188M
 Large Page Support: Disabled
 NUMA Support: Disabled
 Compressed Oops: Enabled (32-bit)
 Heap Region Size: 1M
 Heap Min Capacity: 8M
 Heap Initial Capacity: 222M
 Heap Max Capacity: 2G
 Pre-touch: Disabled
 Parallel Workers: 13
 Concurrent Workers: 3
 Concurrent Refinement Workers: 13
 Periodic GC: Disabled

Heap:
 garbage-first heap   total 71680K, used 56998K [0x0000000080000000, 0x0000000100000000)
  region size 1024K, 47 young (48128K), 9 survivors (9216K)
 Metaspace       used 27716K, committed 28224K, reserved 1114112K
  class space    used 3444K, committed 3712K, reserved 1048576K

Heap Regions: E=young(eden), S=young(survivor), O=old, HS=humongous(starts), HC=humongous(continues), CS=collection set, F=free, TAMS=top-at-mark-start, PB=parsable bottom
|   0|0x0000000080000000, 0x0000000080100000, 0x0000000080100000|100%|HS|  |TAMS 0x0000000080000000| PB 0x0000000080000000| Complete 
|   1|0x0000000080100000, 0x0000000080200000, 0x0000000080200000|100%|HC|  |TAMS 0x0000000080100000| PB 0x0000000080100000| Complete 
|   2|0x0000000080200000, 0x0000000080300000, 0x0000000080300000|100%|HC|  |TAMS 0x0000000080200000| PB 0x0000000080200000| Complete 
|   3|0x0000000080300000, 0x0000000080400000, 0x0000000080400000|100%| O|  |TAMS 0x0000000080300000| PB 0x0000000080300000| Untracked 
|   4|0x0000000080400000, 0x0000000080500000, 0x0000000080500000|100%| O|  |TAMS 0x0000000080400000| PB 0x0000000080400000| Untracked 
|   5|0x0000000080500000, 0x0000000080600000, 0x0000000080600000|100%| O|  |TAMS 0x0000000080500000| PB 0x0000000080500000| Untracked 
|   6|0x0000000080600000, 0x0000000080700000, 0x0000000080700000|100%|HS|  |TAMS 0x0000000080600000| PB 0x0000000080600000| Complete 
|   7|0x0000000080700000, 0x0000000080700000, 0x0000000080800000|  0%| F|  |TAMS 0x0000000080700000| PB 0x0000000080700000| Untracked 
|   8|0x0000000080800000, 0x0000000080900000, 0x0000000080900000|100%| O|  |TAMS 0x0000000080800000| PB 0x0000000080800000| Untracked 
|   9|0x0000000080900000, 0x0000000080a00000, 0x0000000080a00000|100%| O|  |TAMS 0x0000000080900000| PB 0x0000000080900000| Untracked 
|  10|0x0000000080a00000, 0x0000000080b00000, 0x0000000080b00000|100%| O|  |TAMS 0x0000000080a00000| PB 0x0000000080a00000| Untracked 
|  11|0x0000000080b00000, 0x0000000080c00000, 0x0000000080c00000|100%| O|  |TAMS 0x0000000080b00000| PB 0x0000000080b00000| Untracked 
|  12|0x0000000080c00000, 0x0000000080c3b2c8, 0x0000000080d00000| 23%| O|Cm|TAMS 0x0000000080c00000| PB 0x0000000080c00000| Complete 
|  13|0x0000000080d00000, 0x0000000080d00000, 0x0000000080e00000|  0%| F|  |TAMS 0x0000000080d00000| PB 0x0000000080d00000| Untracked 
|  14|0x0000000080e00000, 0x0000000080e00000, 0x0000000080f00000|  0%| F|  |TAMS 0x0000000080e00000| PB 0x0000000080e00000| Untracked 
|  15|0x0000000080f00000, 0x0000000080f00000, 0x0000000081000000|  0%| F|  |TAMS 0x0000000080f00000| PB 0x0000000080f00000| Untracked 
|  16|0x0000000081000000, 0x0000000081000000, 0x0000000081100000|  0%| F|  |TAMS 0x0000000081000000| PB 0x0000000081000000| Untracked 
|  17|0x0000000081100000, 0x0000000081100000, 0x0000000081200000|  0%| F|  |TAMS 0x0000000081100000| PB 0x0000000081100000| Untracked 
|  18|0x0000000081200000, 0x0000000081200000, 0x0000000081300000|  0%| F|  |TAMS 0x0000000081200000| PB 0x0000000081200000| Untracked 
|  19|0x0000000081300000, 0x0000000081300000, 0x0000000081400000|  0%| F|  |TAMS 0x0000000081300000| PB 0x0000000081300000| Untracked 
|  20|0x0000000081400000, 0x0000000081400000, 0x0000000081500000|  0%| F|  |TAMS 0x0000000081400000| PB 0x0000000081400000| Untracked 
|  21|0x0000000081500000, 0x0000000081500000, 0x0000000081600000|  0%| F|  |TAMS 0x0000000081500000| PB 0x0000000081500000| Untracked 
|  22|0x0000000081600000, 0x0000000081600000, 0x0000000081700000|  0%| F|  |TAMS 0x0000000081600000| PB 0x0000000081600000| Untracked 
|  23|0x0000000081700000, 0x00000000817fac08, 0x0000000081800000| 97%| E|  |TAMS 0x0000000081700000| PB 0x0000000081700000| Complete 
|  24|0x0000000081800000, 0x0000000081900000, 0x0000000081900000|100%| E|CS|TAMS 0x0000000081800000| PB 0x0000000081800000| Complete 
|  25|0x0000000081900000, 0x0000000081a00000, 0x0000000081a00000|100%| E|CS|TAMS 0x0000000081900000| PB 0x0000000081900000| Complete 
|  26|0x0000000081a00000, 0x0000000081b00000, 0x0000000081b00000|100%| E|CS|TAMS 0x0000000081a00000| PB 0x0000000081a00000| Complete 
|  27|0x0000000081b00000, 0x0000000081c00000, 0x0000000081c00000|100%| E|CS|TAMS 0x0000000081b00000| PB 0x0000000081b00000| Complete 
|  28|0x0000000081c00000, 0x0000000081d00000, 0x0000000081d00000|100%| E|CS|TAMS 0x0000000081c00000| PB 0x0000000081c00000| Complete 
|  29|0x0000000081d00000, 0x0000000081e00000, 0x0000000081e00000|100%| E|CS|TAMS 0x0000000081d00000| PB 0x0000000081d00000| Complete 
|  30|0x0000000081e00000, 0x0000000081f00000, 0x0000000081f00000|100%| E|CS|TAMS 0x0000000081e00000| PB 0x0000000081e00000| Complete 
|  31|0x0000000081f00000, 0x0000000082000000, 0x0000000082000000|100%| E|CS|TAMS 0x0000000081f00000| PB 0x0000000081f00000| Complete 
|  32|0x0000000082000000, 0x0000000082100000, 0x0000000082100000|100%| E|CS|TAMS 0x0000000082000000| PB 0x0000000082000000| Complete 
|  33|0x0000000082100000, 0x0000000082200000, 0x0000000082200000|100%| E|CS|TAMS 0x0000000082100000| PB 0x0000000082100000| Complete 
|  34|0x0000000082200000, 0x0000000082300000, 0x0000000082300000|100%| E|CS|TAMS 0x0000000082200000| PB 0x0000000082200000| Complete 
|  35|0x0000000082300000, 0x0000000082400000, 0x0000000082400000|100%| E|CS|TAMS 0x0000000082300000| PB 0x0000000082300000| Complete 
|  36|0x0000000082400000, 0x0000000082500000, 0x0000000082500000|100%| E|CS|TAMS 0x0000000082400000| PB 0x0000000082400000| Complete 
|  37|0x0000000082500000, 0x0000000082600000, 0x0000000082600000|100%| E|CS|TAMS 0x0000000082500000| PB 0x0000000082500000| Complete 
|  38|0x0000000082600000, 0x0000000082700000, 0x0000000082700000|100%| E|CS|TAMS 0x0000000082600000| PB 0x0000000082600000| Complete 
|  39|0x0000000082700000, 0x0000000082800000, 0x0000000082800000|100%| E|CS|TAMS 0x0000000082700000| PB 0x0000000082700000| Complete 
|  40|0x0000000082800000, 0x0000000082900000, 0x0000000082900000|100%| E|CS|TAMS 0x0000000082800000| PB 0x0000000082800000| Complete 
|  41|0x0000000082900000, 0x0000000082a00000, 0x0000000082a00000|100%| E|CS|TAMS 0x0000000082900000| PB 0x0000000082900000| Complete 
|  42|0x0000000082a00000, 0x0000000082b00000, 0x0000000082b00000|100%| E|CS|TAMS 0x0000000082a00000| PB 0x0000000082a00000| Complete 
|  43|0x0000000082b00000, 0x0000000082c00000, 0x0000000082c00000|100%| E|CS|TAMS 0x0000000082b00000| PB 0x0000000082b00000| Complete 
|  44|0x0000000082c00000, 0x0000000082d00000, 0x0000000082d00000|100%| E|CS|TAMS 0x0000000082c00000| PB 0x0000000082c00000| Complete 
|  45|0x0000000082d00000, 0x0000000082e00000, 0x0000000082e00000|100%| E|CS|TAMS 0x0000000082d00000| PB 0x0000000082d00000| Complete 
|  46|0x0000000082e00000, 0x0000000082f00000, 0x0000000082f00000|100%| E|CS|TAMS 0x0000000082e00000| PB 0x0000000082e00000| Complete 
|  47|0x0000000082f00000, 0x0000000083000000, 0x0000000083000000|100%| E|CS|TAMS 0x0000000082f00000| PB 0x0000000082f00000| Complete 
|  48|0x0000000083000000, 0x0000000083100000, 0x0000000083100000|100%| E|CS|TAMS 0x0000000083000000| PB 0x0000000083000000| Complete 
|  49|0x0000000083100000, 0x0000000083200000, 0x0000000083200000|100%| E|CS|TAMS 0x0000000083100000| PB 0x0000000083100000| Complete 
|  50|0x0000000083200000, 0x0000000083300000, 0x0000000083300000|100%| E|CS|TAMS 0x0000000083200000| PB 0x0000000083200000| Complete 
|  51|0x0000000083300000, 0x0000000083400000, 0x0000000083400000|100%| E|CS|TAMS 0x0000000083300000| PB 0x0000000083300000| Complete 
|  52|0x0000000083400000, 0x0000000083500000, 0x0000000083500000|100%| E|CS|TAMS 0x0000000083400000| PB 0x0000000083400000| Complete 
|  53|0x0000000083500000, 0x0000000083600000, 0x0000000083600000|100%| E|  |TAMS 0x0000000083500000| PB 0x0000000083500000| Complete 
|  54|0x0000000083600000, 0x0000000083700000, 0x0000000083700000|100%| E|CS|TAMS 0x0000000083600000| PB 0x0000000083600000| Complete 
|  55|0x0000000083700000, 0x0000000083800000, 0x0000000083800000|100%| E|CS|TAMS 0x0000000083700000| PB 0x0000000083700000| Complete 
|  56|0x0000000083800000, 0x0000000083900000, 0x0000000083900000|100%| E|CS|TAMS 0x0000000083800000| PB 0x0000000083800000| Complete 
|  57|0x0000000083900000, 0x0000000083a00000, 0x0000000083a00000|100%| E|CS|TAMS 0x0000000083900000| PB 0x0000000083900000| Complete 
|  58|0x0000000083a00000, 0x0000000083b00000, 0x0000000083b00000|100%| E|CS|TAMS 0x0000000083a00000| PB 0x0000000083a00000| Complete 
|  59|0x0000000083b00000, 0x0000000083c00000, 0x0000000083c00000|100%| E|CS|TAMS 0x0000000083b00000| PB 0x0000000083b00000| Complete 
| 189|0x000000008bd00000, 0x000000008bd6e730, 0x000000008be00000| 43%| S|CS|TAMS 0x000000008bd00000| PB 0x000000008bd00000| Complete 
| 190|0x000000008be00000, 0x000000008bf00000, 0x000000008bf00000|100%| S|CS|TAMS 0x000000008be00000| PB 0x000000008be00000| Complete 
| 191|0x000000008bf00000, 0x000000008c000000, 0x000000008c000000|100%| S|CS|TAMS 0x000000008bf00000| PB 0x000000008bf00000| Complete 
| 192|0x000000008c000000, 0x000000008c100000, 0x000000008c100000|100%| S|CS|TAMS 0x000000008c000000| PB 0x000000008c000000| Complete 
| 193|0x000000008c100000, 0x000000008c200000, 0x000000008c200000|100%| S|CS|TAMS 0x000000008c100000| PB 0x000000008c100000| Complete 
| 194|0x000000008c200000, 0x000000008c300000, 0x000000008c300000|100%| S|CS|TAMS 0x000000008c200000| PB 0x000000008c200000| Complete 
| 195|0x000000008c300000, 0x000000008c400000, 0x000000008c400000|100%| S|CS|TAMS 0x000000008c300000| PB 0x000000008c300000| Complete 
| 196|0x000000008c400000, 0x000000008c500000, 0x000000008c500000|100%| S|CS|TAMS 0x000000008c400000| PB 0x000000008c400000| Complete 
| 197|0x000000008c500000, 0x000000008c600000, 0x000000008c600000|100%| S|CS|TAMS 0x000000008c500000| PB 0x000000008c500000| Complete 
| 221|0x000000008dd00000, 0x000000008de00000, 0x000000008de00000|100%| E|CS|TAMS 0x000000008dd00000| PB 0x000000008dd00000| Complete 

Card table byte_map: [0x0000024e40b50000,0x0000024e40f50000] _byte_map_base: 0x0000024e40750000

Marking Bits: (CMBitMap*) 0x0000024e2ddd8a00
 Bits: [0x0000024e40f50000, 0x0000024e42f50000)

Polling page: 0x0000024e2bcf0000

Metaspace:

Usage:
  Non-class:     23.70 MB used.
      Class:      3.36 MB used.
       Both:     27.07 MB used.

Virtual space:
  Non-class space:       64.00 MB reserved,      23.94 MB ( 37%) committed,  1 nodes.
      Class space:        1.00 GB reserved,       3.62 MB ( <1%) committed,  1 nodes.
             Both:        1.06 GB reserved,      27.56 MB (  3%) committed. 

Chunk freelists:
   Non-Class:  7.80 MB
       Class:  12.39 MB
        Both:  20.19 MB

MaxMetaspaceSize: unlimited
CompressedClassSpaceSize: 1.00 GB
Initial GC threshold: 21.00 MB
Current GC threshold: 35.12 MB
CDS: off
 - commit_granule_bytes: 65536.
 - commit_granule_words: 8192.
 - virtual_space_node_default_size: 8388608.
 - enlarge_chunks_in_place: 1.
 - use_allocation_guard: 0.


Internal statistics:

num_allocs_failed_limit: 3.
num_arena_births: 686.
num_arena_deaths: 0.
num_vsnodes_births: 2.
num_vsnodes_deaths: 0.
num_space_committed: 441.
num_space_uncommitted: 0.
num_chunks_returned_to_freelist: 3.
num_chunks_taken_from_freelist: 1392.
num_chunk_merges: 3.
num_chunk_splits: 885.
num_chunks_enlarged: 597.
num_inconsistent_stats: 0.

CodeHeap 'non-profiled nmethods': size=119168Kb used=1292Kb max_used=1292Kb free=117875Kb
 bounds [0x0000024e38a60000, 0x0000024e38cd0000, 0x0000024e3fec0000]
CodeHeap 'profiled nmethods': size=119104Kb used=6142Kb max_used=6142Kb free=112961Kb
 bounds [0x0000024e30ec0000, 0x0000024e314c0000, 0x0000024e38310000]
CodeHeap 'non-nmethods': size=7488Kb used=3167Kb max_used=3171Kb free=4320Kb
 bounds [0x0000024e38310000, 0x0000024e38630000, 0x0000024e38a60000]
 total_blobs=3566 nmethods=2990 adapters=477
 compilation: enabled
              stopped_count=0, restarted_count=0
 full_count=0

Compilation events (20 events):
Event: 3.473 Thread 0x0000024e4641b2f0 2991       3       org.gradle.internal.service.DefaultServiceRegistry::access$1500 (6 bytes)
Event: 3.473 Thread 0x0000024e46201a90 2992       3       org.gradle.internal.service.DefaultServiceRegistry::isAssignableFromAnyType (41 bytes)
Event: 3.473 Thread 0x0000024e4b6236e0 2993       3       org.gradle.internal.service.DefaultServiceRegistry$SingletonService::getAll (38 bytes)
Event: 3.473 Thread 0x0000024e46cb7a80 2994       3       org.gradle.internal.service.DefaultServiceRegistry$CollectingVisitor::visit (25 bytes)
Event: 3.473 Thread 0x0000024e4641b2f0 nmethod 2991 0x0000024e314b7c90 code [0x0000024e314b7e40, 0x0000024e314b7f58]
Event: 3.473 Thread 0x0000024e46201a90 nmethod 2992 0x0000024e314b8010 code [0x0000024e314b8200, 0x0000024e314b8770]
Event: 3.473 Thread 0x0000024e4b6236e0 nmethod 2993 0x0000024e314b8910 code [0x0000024e314b8b00, 0x0000024e314b8f20]
Event: 3.473 Thread 0x0000024e46cb7a80 nmethod 2994 0x0000024e314b9110 code [0x0000024e314b92c0, 0x0000024e314b9598]
Event: 3.487 Thread 0x0000024e4b6236e0 2995   !   3       org.gradle.internal.classloader.TransformingClassLoader::findClass (203 bytes)
Event: 3.487 Thread 0x0000024e46cb7a80 2996       3       org.gradle.initialization.MixInLegacyTypesClassLoader::shouldTransform (42 bytes)
Event: 3.488 Thread 0x0000024e46cb7a80 nmethod 2996 0x0000024e314b9690 code [0x0000024e314b9860, 0x0000024e314b9c58]
Event: 3.490 Thread 0x0000024e4b6236e0 nmethod 2995 0x0000024e314b9e10 code [0x0000024e314ba300, 0x0000024e314bc5a8]
Event: 3.517 Thread 0x0000024e46cb7a80 2998       3       jdk.internal.misc.Unsafe::weakCompareAndSetInt (11 bytes)
Event: 3.517 Thread 0x0000024e46cb7a80 nmethod 2998 0x0000024e314bd590 code [0x0000024e314bd720, 0x0000024e314bd848]
Event: 3.521 Thread 0x0000024e4b6236e0 2999       3       sun.reflect.annotation.AnnotationInvocationHandler::cloneArray (143 bytes)
Event: 3.523 Thread 0x0000024e4b6236e0 nmethod 2999 0x0000024e314bd910 code [0x0000024e314bdc20, 0x0000024e314bef50]
Event: 3.529 Thread 0x0000024e4b6236e0 3000       3       sun.reflect.annotation.AnnotationParser$$Lambda/0x00000001000b4a70::get (16 bytes)
Event: 3.529 Thread 0x0000024e46201a90 3001       3       sun.reflect.annotation.AnnotationParser::lambda$parseClassArray$0 (7 bytes)
Event: 3.529 Thread 0x0000024e46201a90 nmethod 3001 0x0000024e314bf290 code [0x0000024e314bf440, 0x0000024e314bf558]
Event: 3.529 Thread 0x0000024e4b6236e0 nmethod 3000 0x0000024e314bf610 code [0x0000024e314bf7c0, 0x0000024e314bf968]

GC Heap History (8 events):
Event: 0.548 GC heap before
{Heap before GC invocations=0 (full 0):
 garbage-first heap   total 227328K, used 22528K [0x0000000080000000, 0x0000000100000000)
  region size 1024K, 23 young (23552K), 0 survivors (0K)
 Metaspace       used 7979K, committed 8128K, reserved 1114112K
  class space    used 709K, committed 768K, reserved 1048576K
}
Event: 0.551 GC heap after
{Heap after GC invocations=1 (full 0):
 garbage-first heap   total 227328K, used 2796K [0x0000000080000000, 0x0000000100000000)
  region size 1024K, 3 young (3072K), 3 survivors (3072K)
 Metaspace       used 7979K, committed 8128K, reserved 1114112K
  class space    used 709K, committed 768K, reserved 1048576K
}
Event: 1.248 GC heap before
{Heap before GC invocations=1 (full 0):
 garbage-first heap   total 227328K, used 40684K [0x0000000080000000, 0x0000000100000000)
  region size 1024K, 38 young (38912K), 3 survivors (3072K)
 Metaspace       used 12231K, committed 12416K, reserved 1114112K
  class space    used 1276K, committed 1408K, reserved 1048576K
}
Event: 1.258 GC heap after
{Heap after GC invocations=2 (full 0):
 garbage-first heap   total 227328K, used 10514K [0x0000000080000000, 0x0000000100000000)
  region size 1024K, 5 young (5120K), 5 survivors (5120K)
 Metaspace       used 12231K, committed 12416K, reserved 1114112K
  class space    used 1276K, committed 1408K, reserved 1048576K
}
Event: 1.883 GC heap before
{Heap before GC invocations=2 (full 0):
 garbage-first heap   total 227328K, used 60690K [0x0000000080000000, 0x0000000100000000)
  region size 1024K, 52 young (53248K), 5 survivors (5120K)
 Metaspace       used 13464K, committed 13696K, reserved 1114112K
  class space    used 1472K, committed 1600K, reserved 1048576K
}
Event: 1.889 GC heap after
{Heap after GC invocations=3 (full 0):
 garbage-first heap   total 227328K, used 16781K [0x0000000080000000, 0x0000000100000000)
  region size 1024K, 6 young (6144K), 6 survivors (6144K)
 Metaspace       used 13464K, committed 13696K, reserved 1114112K
  class space    used 1472K, committed 1600K, reserved 1048576K
}
Event: 2.592 GC heap before
{Heap before GC invocations=3 (full 0):
 garbage-first heap   total 227328K, used 40333K [0x0000000080000000, 0x0000000100000000)
  region size 1024K, 30 young (30720K), 6 survivors (6144K)
 Metaspace       used 21174K, committed 21504K, reserved 1114112K
  class space    used 2430K, committed 2624K, reserved 1048576K
}
Event: 2.596 GC heap after
{Heap after GC invocations=4 (full 0):
 garbage-first heap   total 227328K, used 20134K [0x0000000080000000, 0x0000000100000000)
  region size 1024K, 9 young (9216K), 9 survivors (9216K)
 Metaspace       used 21174K, committed 21504K, reserved 1114112K
  class space    used 2430K, committed 2624K, reserved 1048576K
}

Dll operation events (3 events):
Event: 0.011 Loaded shared library C:\Program Files\Android\Android Studio\jbr\bin\java.dll
Event: 0.020 Loaded shared library C:\Program Files\Android\Android Studio\jbr\bin\zip.dll
Event: 0.623 Loaded shared library C:\Program Files\Android\Android Studio\jbr\bin\verify.dll

Deoptimization events (20 events):
Event: 3.083 Thread 0x0000024e4c930cb0 Uncommon trap: trap_request=0xffffff45 fr.pc=0x0000024e38a7f764 relative=0x00000000000001c4
Event: 3.083 Thread 0x0000024e4c930cb0 Uncommon trap: reason=unstable_if action=reinterpret pc=0x0000024e38a7f764 method=java.util.regex.Matcher.reset()Ljava/util/regex/Matcher; @ 47 c2
Event: 3.083 Thread 0x0000024e4c930cb0 DEOPT PACKING pc=0x0000024e38a7f764 sp=0x000000c2c3dfaeb0
Event: 3.083 Thread 0x0000024e4c930cb0 DEOPT UNPACKING pc=0x0000024e383646a2 sp=0x000000c2c3dfae38 mode 2
Event: 3.149 Thread 0x0000024e4c930cb0 Uncommon trap: trap_request=0xffffff45 fr.pc=0x0000024e38a8321c relative=0x0000000000000d1c
Event: 3.149 Thread 0x0000024e4c930cb0 Uncommon trap: reason=unstable_if action=reinterpret pc=0x0000024e38a8321c method=java.io.WinNTFileSystem.resolve(Ljava/lang/String;Ljava/lang/String;)Ljava/lang/String; @ 19 c2
Event: 3.149 Thread 0x0000024e4c930cb0 DEOPT PACKING pc=0x0000024e38a8321c sp=0x000000c2c3dfb9b0
Event: 3.149 Thread 0x0000024e4c930cb0 DEOPT UNPACKING pc=0x0000024e383646a2 sp=0x000000c2c3dfb948 mode 2
Event: 3.151 Thread 0x0000024e4c930cb0 DEOPT PACKING pc=0x0000024e30fc78bf sp=0x000000c2c3dfb080
Event: 3.151 Thread 0x0000024e4c930cb0 DEOPT UNPACKING pc=0x0000024e38364e42 sp=0x000000c2c3dfa518 mode 0
Event: 3.152 Thread 0x0000024e4c930cb0 Uncommon trap: trap_request=0xffffff45 fr.pc=0x0000024e38af5d90 relative=0x0000000000000630
Event: 3.152 Thread 0x0000024e4c930cb0 Uncommon trap: reason=unstable_if action=reinterpret pc=0x0000024e38af5d90 method=java.io.File.getName()Ljava/lang/String; @ 16 c2
Event: 3.152 Thread 0x0000024e4c930cb0 DEOPT PACKING pc=0x0000024e38af5d90 sp=0x000000c2c3dfb970
Event: 3.152 Thread 0x0000024e4c930cb0 DEOPT UNPACKING pc=0x0000024e383646a2 sp=0x000000c2c3dfb940 mode 2
Event: 3.225 Thread 0x0000024e4c930cb0 Uncommon trap: trap_request=0xffffff45 fr.pc=0x0000024e38a87290 relative=0x00000000000000f0
Event: 3.225 Thread 0x0000024e4c930cb0 Uncommon trap: reason=unstable_if action=reinterpret pc=0x0000024e38a87290 method=java.util.HashMap.hash(Ljava/lang/Object;)I @ 1 c2
Event: 3.225 Thread 0x0000024e4c930cb0 DEOPT PACKING pc=0x0000024e38a87290 sp=0x000000c2c3dfc970
Event: 3.225 Thread 0x0000024e4c930cb0 DEOPT UNPACKING pc=0x0000024e383646a2 sp=0x000000c2c3dfc8b0 mode 2
Event: 3.361 Thread 0x0000024e4c930cb0 DEOPT PACKING pc=0x0000024e3142f469 sp=0x000000c2c3dfbb10
Event: 3.361 Thread 0x0000024e4c930cb0 DEOPT UNPACKING pc=0x0000024e38364e42 sp=0x000000c2c3dfb020 mode 0

Classes loaded (20 events):
Event: 3.301 Loading class java/lang/invoke/BoundMethodHandle$Species_LLLLLLLLLLLLLLL
Event: 3.301 Loading class java/lang/invoke/BoundMethodHandle$Species_LLLLLLLLLLLLLLL done
Event: 3.303 Loading class java/lang/invoke/BoundMethodHandle$Species_LLLLLLLLLLLLLLLL
Event: 3.303 Loading class java/lang/invoke/BoundMethodHandle$Species_LLLLLLLLLLLLLLLL done
Event: 3.305 Loading class java/lang/invoke/BoundMethodHandle$Species_LLLLLLLLLLLLLLLLL
Event: 3.305 Loading class java/lang/invoke/BoundMethodHandle$Species_LLLLLLLLLLLLLLLLL done
Event: 3.307 Loading class java/lang/invoke/BoundMethodHandle$Species_LLLLLLLLLLLLLLLLLL
Event: 3.307 Loading class java/lang/invoke/BoundMethodHandle$Species_LLLLLLLLLLLLLLLLLL done
Event: 3.310 Loading class java/lang/invoke/BoundMethodHandle$Species_LLLLLLLLLLLLLLLLLLL
Event: 3.310 Loading class java/lang/invoke/BoundMethodHandle$Species_LLLLLLLLLLLLLLLLLLL done
Event: 3.311 Loading class java/lang/invoke/BoundMethodHandle$Species_LLLLLLLLLLLLLLLLLLLL
Event: 3.311 Loading class java/lang/invoke/BoundMethodHandle$Species_LLLLLLLLLLLLLLLLLLLL done
Event: 3.312 Loading class java/lang/invoke/BoundMethodHandle$Species_LLLLLLLLLLLLLLLLLLLLL
Event: 3.312 Loading class java/lang/invoke/BoundMethodHandle$Species_LLLLLLLLLLLLLLLLLLLLL done
Event: 3.314 Loading class java/lang/invoke/BoundMethodHandle$Species_LLLLLLLLLLLLLLLLLLLLLL
Event: 3.314 Loading class java/lang/invoke/BoundMethodHandle$Species_LLLLLLLLLLLLLLLLLLLLLL done
Event: 3.316 Loading class java/lang/invoke/BoundMethodHandle$Species_LLLLLLLLLLLLLLLLLLLLLLL
Event: 3.316 Loading class java/lang/invoke/BoundMethodHandle$Species_LLLLLLLLLLLLLLLLLLLLLLL done
Event: 3.371 Loading class java/util/Collections$2
Event: 3.371 Loading class java/util/Collections$2 done

Classes unloaded (0 events):
No events

Classes redefined (0 events):
No events

Internal exceptions (20 events):
Event: 3.031 Thread 0x0000024e4c930cb0 Exception <a 'java/lang/IncompatibleClassChangeError'{0x0000000082a03bb8}: Found class java.lang.Object, but interface was expected> (0x0000000082a03bb8) 
thrown [s\src\hotspot\share\interpreter\linkResolver.cpp, line 851]
Event: 3.060 Thread 0x0000024e4c930cb0 Exception <a 'java/lang/NoSuchMethodError'{0x0000000082925c30}: 'java.lang.Object java.lang.invoke.DirectMethodHandle$Holder.newInvokeSpecial(java.lang.Object, java.lang.Object, int)'> (0x0000000082925c30) 
thrown [s\src\hotspot\share\interpreter\linkResolver.cpp, line 784]
Event: 3.127 Thread 0x0000024e4c930cb0 Exception <a 'java/lang/NoSuchMethodError'{0x00000000826adab0}: 'java.lang.Object java.lang.invoke.DirectMethodHandle$Holder.invokeVirtual(java.lang.Object, java.lang.Object, java.lang.Object, java.lang.Object, java.lang.Object, java.lang.Object, java.lang.Object, java.lang.Object)'> (0x00000000826adab0) 
thrown [s\src\hotspot\share\interpreter\linkResolver.cpp, line 784]
Event: 3.196 Thread 0x0000024e4c930cb0 Exception <a 'java/lang/NoSuchMethodError'{0x000000008231d898}: 'int java.lang.invoke.DirectMethodHandle$Holder.invokeSpecialIFC(java.lang.Object, java.lang.Object, java.lang.Object, java.lang.Object)'> (0x000000008231d898) 
thrown [s\src\hotspot\share\interpreter\linkResolver.cpp, line 784]
Event: 3.198 Thread 0x0000024e4c930cb0 Exception <a 'java/lang/NoSuchMethodError'{0x000000008232b0e0}: 'java.lang.Object java.lang.invoke.DirectMethodHandle$Holder.invokeInterface(java.lang.Object, java.lang.Object, java.lang.Object)'> (0x000000008232b0e0) 
thrown [s\src\hotspot\share\interpreter\linkResolver.cpp, line 784]
Event: 3.198 Thread 0x0000024e4c930cb0 Exception <a 'java/lang/IncompatibleClassChangeError'{0x000000008232ecf8}: Found class java.lang.Object, but interface was expected> (0x000000008232ecf8) 
thrown [s\src\hotspot\share\interpreter\linkResolver.cpp, line 851]
Event: 3.225 Thread 0x0000024e4c930cb0 Implicit null exception at 0x0000024e38a871e6 to 0x0000024e38a87286
Event: 3.246 Thread 0x0000024e4c930cb0 Exception <a 'java/lang/NoSuchMethodError'{0x000000008211c5c0}: 'int java.lang.invoke.DirectMethodHandle$Holder.invokeStatic(java.lang.Object, java.lang.Object, java.lang.Object, java.lang.Object)'> (0x000000008211c5c0) 
thrown [s\src\hotspot\share\interpreter\linkResolver.cpp, line 784]
Event: 3.296 Thread 0x0000024e4c930cb0 Exception <a 'java/lang/NoSuchMethodError'{0x0000000081f016b0}: 'java.lang.Object java.lang.invoke.DelegatingMethodHandle$Holder.reinvoke_L(java.lang.Object, java.lang.Object, java.lang.Object, java.lang.Object, java.lang.Object, java.lang.Object, java.lang.Object, java.lang.Object, java.lang.Object, java.lang.Object, java.lang.Object, java.lang.Object, java.lang.Object, java.lang.Object, java.lang.Object, java.lang.Object, java.lang.Object, java.lang.Object, java.lang.Object, java.lang.Object, java.lang.O
Event: 3.300 Thread 0x0000024e4c930cb0 Exception <a 'java/lang/NoSuchMethodError'{0x0000000081f6ee10}: 'java.lang.Object java.lang.invoke.DirectMethodHandle$Holder.invokeStatic(java.lang.Object, java.lang.Object, java.lang.Object, java.lang.Object, java.lang.Object, java.lang.Object, java.lang.Object, java.lang.Object, java.lang.Object, java.lang.Object, java.lang.Object, java.lang.Object, java.lang.Object, java.lang.Object, java.lang.Object, java.lang.Object, java.lang.Object)'> (0x0000000081f6ee10) 
thrown [s\src\hotspot\share\interpreter\lin
Event: 3.303 Thread 0x0000024e4c930cb0 Exception <a 'java/lang/NoSuchMethodError'{0x0000000081f97e78}: 'java.lang.Object java.lang.invoke.DirectMethodHandle$Holder.invokeStatic(java.lang.Object, java.lang.Object, java.lang.Object, java.lang.Object, java.lang.Object, java.lang.Object, java.lang.Object, java.lang.Object, java.lang.Object, java.lang.Object, java.lang.Object, java.lang.Object, java.lang.Object, java.lang.Object, java.lang.Object, java.lang.Object, java.lang.Object, java.lang.Object)'> (0x0000000081f97e78) 
thrown [s\src\hotspot\sha
Event: 3.305 Thread 0x0000024e4c930cb0 Exception <a 'java/lang/NoSuchMethodError'{0x0000000081fc1f08}: 'java.lang.Object java.lang.invoke.DirectMethodHandle$Holder.invokeStatic(java.lang.Object, java.lang.Object, java.lang.Object, java.lang.Object, java.lang.Object, java.lang.Object, java.lang.Object, java.lang.Object, java.lang.Object, java.lang.Object, java.lang.Object, java.lang.Object, java.lang.Object, java.lang.Object, java.lang.Object, java.lang.Object, java.lang.Object, java.lang.Object, java.lang.Object)'> (0x0000000081fc1f08) 
thrown 
Event: 3.306 Thread 0x0000024e4c930cb0 Exception <a 'java/lang/NoSuchMethodError'{0x0000000081fed3f8}: 'java.lang.Object java.lang.invoke.DirectMethodHandle$Holder.invokeStatic(java.lang.Object, java.lang.Object, java.lang.Object, java.lang.Object, java.lang.Object, java.lang.Object, java.lang.Object, java.lang.Object, java.lang.Object, java.lang.Object, java.lang.Object, java.lang.Object, java.lang.Object, java.lang.Object, java.lang.Object, java.lang.Object, java.lang.Object, java.lang.Object, java.lang.Object, java.lang.Object)'> (0x00000000
Event: 3.308 Thread 0x0000024e4c930cb0 Exception <a 'java/lang/NoSuchMethodError'{0x0000000081e1a208}: 'java.lang.Object java.lang.invoke.DirectMethodHandle$Holder.invokeStatic(java.lang.Object, java.lang.Object, java.lang.Object, java.lang.Object, java.lang.Object, java.lang.Object, java.lang.Object, java.lang.Object, java.lang.Object, java.lang.Object, java.lang.Object, java.lang.Object, java.lang.Object, java.lang.Object, java.lang.Object, java.lang.Object, java.lang.Object, java.lang.Object, java.lang.Object, java.lang.Object, java.lang.Obj
Event: 3.310 Thread 0x0000024e4c930cb0 Exception <a 'java/lang/NoSuchMethodError'{0x0000000081e479e8}: 'java.lang.Object java.lang.invoke.DirectMethodHandle$Holder.invokeStatic(java.lang.Object, java.lang.Object, java.lang.Object, java.lang.Object, java.lang.Object, java.lang.Object, java.lang.Object, java.lang.Object, java.lang.Object, java.lang.Object, java.lang.Object, java.lang.Object, java.lang.Object, java.lang.Object, java.lang.Object, java.lang.Object, java.lang.Object, java.lang.Object, java.lang.Object, java.lang.Object, java.lang.Obj
Event: 3.312 Thread 0x0000024e4c930cb0 Exception <a 'java/lang/NoSuchMethodError'{0x0000000081e75ce0}: 'java.lang.Object java.lang.invoke.DirectMethodHandle$Holder.invokeStatic(java.lang.Object, java.lang.Object, java.lang.Object, java.lang.Object, java.lang.Object, java.lang.Object, java.lang.Object, java.lang.Object, java.lang.Object, java.lang.Object, java.lang.Object, java.lang.Object, java.lang.Object, java.lang.Object, java.lang.Object, java.lang.Object, java.lang.Object, java.lang.Object, java.lang.Object, java.lang.Object, java.lang.Obj
Event: 3.313 Thread 0x0000024e4c930cb0 Exception <a 'java/lang/NoSuchMethodError'{0x0000000081ea5190}: 'java.lang.Object java.lang.invoke.DirectMethodHandle$Holder.invokeStatic(java.lang.Object, java.lang.Object, java.lang.Object, java.lang.Object, java.lang.Object, java.lang.Object, java.lang.Object, java.lang.Object, java.lang.Object, java.lang.Object, java.lang.Object, java.lang.Object, java.lang.Object, java.lang.Object, java.lang.Object, java.lang.Object, java.lang.Object, java.lang.Object, java.lang.Object, java.lang.Object, java.lang.Obj
Event: 3.315 Thread 0x0000024e4c930cb0 Exception <a 'java/lang/NoSuchMethodError'{0x0000000081ed4fa8}: 'java.lang.Object java.lang.invoke.DirectMethodHandle$Holder.invokeStatic(java.lang.Object, java.lang.Object, java.lang.Object, java.lang.Object, java.lang.Object, java.lang.Object, java.lang.Object, java.lang.Object, java.lang.Object, java.lang.Object, java.lang.Object, java.lang.Object, java.lang.Object, java.lang.Object, java.lang.Object, java.lang.Object, java.lang.Object, java.lang.Object, java.lang.Object, java.lang.Object, java.lang.Obj
Event: 3.318 Thread 0x0000024e4c930cb0 Exception <a 'java/lang/NoSuchMethodError'{0x0000000081d06ee0}: 'java.lang.Object java.lang.invoke.DirectMethodHandle$Holder.invokeStatic(java.lang.Object, java.lang.Object, java.lang.Object, java.lang.Object, java.lang.Object, java.lang.Object, java.lang.Object, java.lang.Object, java.lang.Object, java.lang.Object, java.lang.Object, java.lang.Object, java.lang.Object, java.lang.Object, java.lang.Object, java.lang.Object, java.lang.Object, java.lang.Object, java.lang.Object, java.lang.Object, java.lang.Obj
Event: 3.346 Thread 0x0000024e4c930cb0 Exception <a 'java/lang/IncompatibleClassChangeError'{0x0000000081c00a60}: Found class java.lang.Object, but interface was expected> (0x0000000081c00a60) 
thrown [s\src\hotspot\share\interpreter\linkResolver.cpp, line 851]

ZGC Phase Switch (0 events):
No events

VM Operations (20 events):
Event: 2.155 Executing VM operation: HandshakeAllThreads (Deoptimize)
Event: 2.155 Executing VM operation: HandshakeAllThreads (Deoptimize) done
Event: 2.298 Executing VM operation: HandshakeAllThreads (Deoptimize)
Event: 2.298 Executing VM operation: HandshakeAllThreads (Deoptimize) done
Event: 2.386 Executing VM operation: HandshakeAllThreads (Deoptimize)
Event: 2.386 Executing VM operation: HandshakeAllThreads (Deoptimize) done
Event: 2.387 Executing VM operation: ICBufferFull
Event: 2.387 Executing VM operation: ICBufferFull done
Event: 2.592 Executing VM operation: CollectForMetadataAllocation (Metadata GC Threshold)
Event: 2.596 Executing VM operation: CollectForMetadataAllocation (Metadata GC Threshold) done
Event: 2.602 Executing VM operation: G1PauseRemark
Event: 2.604 Executing VM operation: G1PauseRemark done
Event: 2.605 Executing VM operation: G1PauseCleanup
Event: 2.608 Executing VM operation: G1PauseCleanup done
Event: 3.058 Executing VM operation: HandshakeAllThreads (Deoptimize)
Event: 3.058 Executing VM operation: HandshakeAllThreads (Deoptimize) done
Event: 3.326 Executing VM operation: HandshakeAllThreads (Deoptimize)
Event: 3.327 Executing VM operation: HandshakeAllThreads (Deoptimize) done
Event: 3.327 Executing VM operation: HandshakeAllThreads (Deoptimize)
Event: 3.327 Executing VM operation: HandshakeAllThreads (Deoptimize) done

Memory protections (0 events):
No events

Nmethod flushes (0 events):
No events

Events (20 events):
Event: 0.767 Loaded shared library C:\Users\khuon\.gradle\native\100fb08df4bc3b14c8652ba06237920a3bd2aa13389f12d3474272988ae205f9\windows-amd64\native-platform-file-events.dll
Event: 0.812 Thread 0x0000024e4641b2f0 Thread added: 0x0000024e46cb7a80
Event: 1.307 Thread 0x0000024e46a461f0 Thread exited: 0x0000024e46a461f0
Event: 1.307 Thread 0x0000024e46a56e60 Thread exited: 0x0000024e46a56e60
Event: 1.977 Loaded shared library C:\Program Files\Android\Android Studio\jbr\bin\management.dll
Event: 1.981 Loaded shared library C:\Program Files\Android\Android Studio\jbr\bin\management_ext.dll
Event: 2.014 Thread 0x0000024e2dd7e360 Thread added: 0x0000024e4c500d30
Event: 2.211 Loaded shared library C:\Program Files\Android\Android Studio\jbr\bin\extnet.dll
Event: 2.256 Thread 0x0000024e2dd7e360 Thread added: 0x0000024e4c53a430
Event: 2.360 Thread 0x0000024e2dd7e360 Thread added: 0x0000024e4c52f5e0
Event: 2.425 Thread 0x0000024e4c53a430 Thread added: 0x0000024e4c54dff0
Event: 2.428 Thread 0x0000024e4c54dff0 Thread added: 0x0000024e4c54ee70
Event: 2.468 Thread 0x0000024e4c54dff0 Thread added: 0x0000024e4c929370
Event: 2.478 Thread 0x0000024e4c54dff0 Thread added: 0x0000024e4c930cb0
Event: 2.496 Thread 0x0000024e4c930cb0 Thread added: 0x0000024e4c932060
Event: 2.501 Thread 0x0000024e4c930cb0 Thread added: 0x0000024e4c933410
Event: 2.504 Thread 0x0000024e4c930cb0 Thread added: 0x0000024e4c930620
Event: 3.059 Thread 0x0000024e4c930cb0 Thread added: 0x0000024e4c933aa0
Event: 3.070 Thread 0x0000024e4c930cb0 Thread added: 0x0000024e4c9326f0
Event: 3.108 Thread 0x0000024e4c930cb0 Thread added: 0x0000024e4c931340


Dynamic libraries:
0x00007ff6aaba0000 - 0x00007ff6aabaa000 	C:\Program Files\Android\Android Studio\jbr\bin\java.exe
0x00007ffd06520000 - 0x00007ffd06780000 	C:\WINDOWS\SYSTEM32\ntdll.dll
0x00007ffd05630000 - 0x00007ffd056f7000 	C:\WINDOWS\System32\KERNEL32.DLL
0x00007ffd03bd0000 - 0x00007ffd03f9a000 	C:\WINDOWS\System32\KERNELBASE.dll
0x00007ffd03700000 - 0x00007ffd0384b000 	C:\WINDOWS\System32\ucrtbase.dll
0x00007ffcffda0000 - 0x00007ffcffdbb000 	C:\Program Files\Android\Android Studio\jbr\bin\VCRUNTIME140.dll
0x00007ffcca190000 - 0x00007ffcca1a8000 	C:\Program Files\Android\Android Studio\jbr\bin\jli.dll
0x00007ffd05da0000 - 0x00007ffd05f6c000 	C:\WINDOWS\System32\USER32.dll
0x00007ffce82c0000 - 0x00007ffce8557000 	C:\WINDOWS\WinSxS\amd64_microsoft.windows.common-controls_6595b64144ccf1df_6.0.26100.3624_none_3e086962e3345f24\COMCTL32.dll
0x00007ffd039c0000 - 0x00007ffd039e7000 	C:\WINDOWS\System32\win32u.dll
0x00007ffd05cf0000 - 0x00007ffd05d99000 	C:\WINDOWS\System32\msvcrt.dll
0x00007ffd05b50000 - 0x00007ffd05b7a000 	C:\WINDOWS\System32\GDI32.dll
0x00007ffd03fa0000 - 0x00007ffd040d1000 	C:\WINDOWS\System32\gdi32full.dll
0x00007ffd039f0000 - 0x00007ffd03a93000 	C:\WINDOWS\System32\msvcp_win.dll
0x00007ffd050d0000 - 0x00007ffd050ff000 	C:\WINDOWS\System32\IMM32.DLL
0x00007ffd000b0000 - 0x00007ffd000bc000 	C:\Program Files\Android\Android Studio\jbr\bin\vcruntime140_1.dll
0x00007ffca89c0000 - 0x00007ffca8a4d000 	C:\Program Files\Android\Android Studio\jbr\bin\msvcp140.dll
0x00007ffcab3e0000 - 0x00007ffcac063000 	C:\Program Files\Android\Android Studio\jbr\bin\server\jvm.dll
0x00007ffd05b80000 - 0x00007ffd05c32000 	C:\WINDOWS\System32\ADVAPI32.dll
0x00007ffd04330000 - 0x00007ffd043d6000 	C:\WINDOWS\System32\sechost.dll
0x00007ffd05700000 - 0x00007ffd05816000 	C:\WINDOWS\System32\RPCRT4.dll
0x00007ffd05c70000 - 0x00007ffd05ce4000 	C:\WINDOWS\System32\WS2_32.dll
0x00007ffd03570000 - 0x00007ffd035ce000 	C:\WINDOWS\SYSTEM32\POWRPROF.dll
0x00007ffcfa8a0000 - 0x00007ffcfa8d6000 	C:\WINDOWS\SYSTEM32\WINMM.dll
0x00007ffcfa8e0000 - 0x00007ffcfa8eb000 	C:\WINDOWS\SYSTEM32\VERSION.dll
0x00007ffd03550000 - 0x00007ffd03564000 	C:\WINDOWS\SYSTEM32\UMPDC.dll
0x00007ffd024f0000 - 0x00007ffd0250a000 	C:\WINDOWS\SYSTEM32\kernel.appcore.dll
0x00007ffcfc8d0000 - 0x00007ffcfc8da000 	C:\Program Files\Android\Android Studio\jbr\bin\jimage.dll
0x00007ffd00f50000 - 0x00007ffd01191000 	C:\WINDOWS\SYSTEM32\DBGHELP.DLL
0x00007ffd04d40000 - 0x00007ffd050c2000 	C:\WINDOWS\System32\combase.dll
0x00007ffd06260000 - 0x00007ffd06336000 	C:\WINDOWS\System32\OLEAUT32.dll
0x00007ffcea9c0000 - 0x00007ffcea9f9000 	C:\WINDOWS\SYSTEM32\dbgcore.DLL
0x00007ffd03aa0000 - 0x00007ffd03b39000 	C:\WINDOWS\System32\bcryptPrimitives.dll
0x00007ffce31c0000 - 0x00007ffce31ce000 	C:\Program Files\Android\Android Studio\jbr\bin\instrument.dll
0x00007ffcf7c40000 - 0x00007ffcf7c60000 	C:\Program Files\Android\Android Studio\jbr\bin\java.dll
0x00007ffcf28b0000 - 0x00007ffcf28c8000 	C:\Program Files\Android\Android Studio\jbr\bin\zip.dll
0x00007ffd043e0000 - 0x00007ffd04b09000 	C:\WINDOWS\System32\SHELL32.dll
0x00007ffd03850000 - 0x00007ffd039b8000 	C:\WINDOWS\System32\wintypes.dll
0x00007ffd01360000 - 0x00007ffd01bb2000 	C:\WINDOWS\SYSTEM32\windows.storage.dll
0x00007ffd06340000 - 0x00007ffd0642d000 	C:\WINDOWS\System32\SHCORE.dll
0x00007ffd05fb0000 - 0x00007ffd06014000 	C:\WINDOWS\System32\shlwapi.dll
0x00007ffd03610000 - 0x00007ffd0363f000 	C:\WINDOWS\SYSTEM32\profapi.dll
0x00007ffcfc230000 - 0x00007ffcfc240000 	C:\Program Files\Android\Android Studio\jbr\bin\net.dll
0x00007ffcfcea0000 - 0x00007ffcfcfbd000 	C:\WINDOWS\SYSTEM32\WINHTTP.dll
0x00007ffd02a30000 - 0x00007ffd02a9a000 	C:\WINDOWS\system32\mswsock.dll
0x00007ffcea940000 - 0x00007ffcea956000 	C:\Program Files\Android\Android Studio\jbr\bin\nio.dll
0x00007ffcf4ae0000 - 0x00007ffcf4af0000 	C:\Program Files\Android\Android Studio\jbr\bin\verify.dll
0x00007ffcc1f30000 - 0x00007ffcc1f57000 	C:\Users\khuon\.gradle\native\c067742578af261105cb4f569cf0c3c89f3d7b1fecec35dd04571415982c5e48\windows-amd64\native-platform.dll
0x00007ffca7f90000 - 0x00007ffca80d4000 	C:\Users\khuon\.gradle\native\100fb08df4bc3b14c8652ba06237920a3bd2aa13389f12d3474272988ae205f9\windows-amd64\native-platform-file-events.dll
0x00007ffcf5600000 - 0x00007ffcf5609000 	C:\Program Files\Android\Android Studio\jbr\bin\management.dll
0x00007ffcf4f90000 - 0x00007ffcf4f9b000 	C:\Program Files\Android\Android Studio\jbr\bin\management_ext.dll
0x00007ffd05c60000 - 0x00007ffd05c68000 	C:\WINDOWS\System32\PSAPI.DLL
0x00007ffd02cd0000 - 0x00007ffd02cec000 	C:\WINDOWS\SYSTEM32\CRYPTSP.dll
0x00007ffd02450000 - 0x00007ffd0248a000 	C:\WINDOWS\system32\rsaenh.dll
0x00007ffd02ad0000 - 0x00007ffd02afb000 	C:\WINDOWS\SYSTEM32\USERENV.dll
0x00007ffd035e0000 - 0x00007ffd03606000 	C:\WINDOWS\SYSTEM32\bcrypt.dll
0x00007ffd02cf0000 - 0x00007ffd02cfc000 	C:\WINDOWS\SYSTEM32\CRYPTBASE.dll
0x00007ffd01fa0000 - 0x00007ffd01fd3000 	C:\WINDOWS\SYSTEM32\IPHLPAPI.DLL
0x00007ffd04320000 - 0x00007ffd0432a000 	C:\WINDOWS\System32\NSI.dll
0x00007ffcf7250000 - 0x00007ffcf7259000 	C:\Program Files\Android\Android Studio\jbr\bin\extnet.dll
0x00007ffcd1fb0000 - 0x00007ffcd1fb8000 	C:\WINDOWS\system32\wshunix.dll

dbghelp: loaded successfully - version: 4.0.5 - missing functions: none
symbol engine: initialized successfully - sym options: 0x614 - pdb path: .;C:\Program Files\Android\Android Studio\jbr\bin;C:\WINDOWS\SYSTEM32;C:\WINDOWS\WinSxS\amd64_microsoft.windows.common-controls_6595b64144ccf1df_6.0.26100.3624_none_3e086962e3345f24;C:\Program Files\Android\Android Studio\jbr\bin\server;C:\Users\khuon\.gradle\native\c067742578af261105cb4f569cf0c3c89f3d7b1fecec35dd04571415982c5e48\windows-amd64;C:\Users\khuon\.gradle\native\100fb08df4bc3b14c8652ba06237920a3bd2aa13389f12d3474272988ae205f9\windows-amd64

VM Arguments:
jvm_args: --add-opens=java.base/java.lang=ALL-UNNAMED --add-opens=java.base/java.lang.invoke=ALL-UNNAMED --add-opens=java.base/java.util=ALL-UNNAMED --add-opens=java.prefs/java.util.prefs=ALL-UNNAMED --add-exports=jdk.compiler/com.sun.tools.javac.api=ALL-UNNAMED --add-exports=jdk.compiler/com.sun.tools.javac.util=ALL-UNNAMED --add-opens=java.base/java.util=ALL-UNNAMED --add-opens=java.prefs/java.util.prefs=ALL-UNNAMED --add-opens=java.base/java.nio.charset=ALL-UNNAMED --add-opens=java.base/java.net=ALL-UNNAMED --add-opens=java.base/java.util.concurrent.atomic=ALL-UNNAMED --add-opens=java.xml/javax.xml.namespace=ALL-UNNAMED -Xmx2048m -Dfile.encoding=UTF-8 -Duser.country=US -Duser.language=en -Duser.variant -javaagent:C:\Users\khuon\.gradle\wrapper\dists\gradle-8.11.1-bin\bpt9gzteqjrbo1mjrsomdt32c\gradle-8.11.1\lib\agents\gradle-instrumentation-agent-8.11.1.jar 
java_command: org.gradle.launcher.daemon.bootstrap.GradleDaemon 8.11.1
java_class_path (initial): C:\Users\khuon\.gradle\wrapper\dists\gradle-8.11.1-bin\bpt9gzteqjrbo1mjrsomdt32c\gradle-8.11.1\lib\gradle-daemon-main-8.11.1.jar
Launcher Type: SUN_STANDARD

[Global flags]
     intx CICompilerCount                          = 12                                        {product} {ergonomic}
     uint ConcGCThreads                            = 3                                         {product} {ergonomic}
     uint G1ConcRefinementThreads                  = 13                                        {product} {ergonomic}
   size_t G1HeapRegionSize                         = 1048576                                   {product} {ergonomic}
    uintx GCDrainStackTargetSize                   = 64                                        {product} {ergonomic}
   size_t InitialHeapSize                          = 232783872                                 {product} {ergonomic}
   size_t MarkStackSize                            = 4194304                                   {product} {ergonomic}
   size_t MaxHeapSize                              = 2147483648                                {product} {command line}
   size_t MaxNewSize                               = 1287651328                                {product} {ergonomic}
   size_t MinHeapDeltaBytes                        = 1048576                                   {product} {ergonomic}
   size_t MinHeapSize                              = 8388608                                   {product} {ergonomic}
    uintx NonNMethodCodeHeapSize                   = 7602480                                {pd product} {ergonomic}
    uintx NonProfiledCodeHeapSize                  = 122027880                              {pd product} {ergonomic}
    uintx ProfiledCodeHeapSize                     = 122027880                              {pd product} {ergonomic}
    uintx ReservedCodeCacheSize                    = 251658240                              {pd product} {ergonomic}
     bool SegmentedCodeCache                       = true                                      {product} {ergonomic}
   size_t SoftMaxHeapSize                          = 2147483648                             {manageable} {ergonomic}
     bool UseCompressedOops                        = true                           {product lp64_product} {ergonomic}
     bool UseG1GC                                  = true                                      {product} {ergonomic}
     bool UseLargePagesIndividualAllocation        = false                                  {pd product} {ergonomic}

Logging:
Log output configuration:
 #0: stdout all=warning uptime,level,tags foldmultilines=false
 #1: stderr all=off uptime,level,tags foldmultilines=false

Environment Variables:
PATH=C:\Program Files\Microsoft MPI\Bin\;C:\Users\khuon\Downloads\Oracle_21c_WINDOWS.X64_db_home\bin;C:\Program Files (x86)\VMware\VMware Workstation\bin\;C:\Python312\Scripts\;C:\Python312\;C:\WINDOWS\system32;C:\WINDOWS;C:\WINDOWS\System32\Wbem;C:\WINDOWS\System32\WindowsPowerShell\v1.0\;C:\WINDOWS\System32\OpenSSH\;C:\Program Files\dotnet\;C:\Program Files (x86)\Windows Kits\10\Windows Performance Toolkit\;C:\ProgramData\chocolatey\bin;C:\Program Files\Git\cmd;C:\xampp\php;C:\Program Files\Docker\Docker\resources\bin;C:\Program Files (x86)\Microsoft SQL Server\160\Tools\Binn\;C:\Program Files\Microsoft SQL Server\160\Tools\Binn\;C:\Program Files\Microsoft SQL Server\Client SDK\ODBC\170\Tools\Binn\;C:\Program Files\Microsoft SQL Server\160\DTS\Binn\;C:\Users\khuon\AppData\Roaming\nvm;C:\Program Files\nodejs;C:\Users\khuon\AppData\Roaming\npm;C:\Users\khuon\AppData\Local\Android\Sdk\platform-tools;C:\Program Files (x86)\Microsoft SQL Server\160\DTS\Binn\;C:\Program Files\Microsoft SQL Server\150\Tools\Binn\;C:\Program Files\Microsoft SQL Server\130\DTS\Binn\;C:\Program Files\Microsoft SQL Server\140\DTS\Binn\;C:\Program Files\Microsoft SQL Server\150\DTS\Binn\;C:\Program Files\MySQL\MySQL Shell 8.0\bin\;C:\Users\khuon\.console-ninja\.bin;C:\Users\khuon\AppData\Local\Microsoft\WindowsApps;C:\Users\khuon\.dotnet\tools;C:\Users\khuon\AppData\Local\Programs\Microsoft VS Code\bin;C:\Users\khuon\AppData\Roaming\npm;C:\flutter\bin;C:\Users\khuon\AppData\Roaming\nvm;C:\Program Files\nodejs;C:\Users\khuon\AppData\Local\Microsoft\WindowsApps;
USERNAME=khuon
OS=Windows_NT
PROCESSOR_IDENTIFIER=AMD64 Family 25 Model 80 Stepping 0, AuthenticAMD
TMP=C:\Users\khuon\AppData\Local\Temp
TEMP=C:\Users\khuon\AppData\Local\Temp




Periodic native trim disabled

JNI global refs:
JNI global refs: 31, weak refs: 0

JNI global refs memory usage: 835, weak refs: 833

Process memory usage:
Resident Set Size: 194572K (1% of 14528572K total physical memory with 481052K free physical memory)

OOME stack traces (most recent first):
Classloader memory used:
Loader bootstrap                                                                       : 16181K
Loader org.gradle.internal.classloader.VisitableURLClassLoader                         : 10171K
Loader org.gradle.initialization.MixInLegacyTypesClassLoader                           : 1014K
Loader jdk.internal.loader.ClassLoaders$AppClassLoader                                 : 235K
Loader jdk.internal.loader.ClassLoaders$PlatformClassLoader                            : 114K

Classes loaded by more than one classloader:
Class org.gradle.internal.classloader.FilteringClassLoader                            : loaded 2 times (x 101B)
Class org.gradle.internal.classloader.ClassLoaderHierarchy                            : loaded 2 times (x 66B)
Class org.gradle.api.internal.classpath.ManifestUtil                                  : loaded 2 times (x 67B)
Class org.gradle.internal.classloader.DefaultClassLoaderFactory                       : loaded 2 times (x 78B)
Class org.gradle.internal.classloader.ClassLoaderVisitor                              : loaded 2 times (x 72B)
Class org.gradle.api.internal.classpath.EffectiveClassPath                            : loaded 2 times (x 86B)
Class org.gradle.api.internal.DefaultClassPathProvider                                : loaded 2 times (x 72B)
Class [Lorg.gradle.api.internal.ClassPathProvider;                                    : loaded 2 times (x 65B)
Class org.gradle.api.internal.ClassPathProvider                                       : loaded 2 times (x 66B)
Class org.gradle.internal.service.UnknownServiceException                             : loaded 2 times (x 79B)
Class org.gradle.internal.classpath.TransformedClassPath                              : loaded 2 times (x 92B)
Class org.gradle.internal.classloader.InstrumentingClassLoader                        : loaded 2 times (x 66B)
Class org.gradle.internal.service.ServiceLocator                                      : loaded 2 times (x 66B)
Class org.gradle.internal.InternalTransformer                                         : loaded 2 times (x 66B)
Class org.gradle.internal.classloader.ClasspathUtil$1                                 : loaded 2 times (x 72B)
Class org.gradle.api.internal.classpath.DefaultModuleRegistry$DefaultModule           : loaded 2 times (x 82B)
Class org.gradle.api.internal.classpath.Module                                        : loaded 2 times (x 66B)
Class org.gradle.api.internal.classpath.UnknownModuleException                        : loaded 2 times (x 78B)
Class org.gradle.api.internal.DefaultClassPathRegistry                                : loaded 2 times (x 72B)
Class org.gradle.api.internal.ClassPathRegistry                                       : loaded 2 times (x 66B)
Class org.gradle.internal.classpath.DefaultClassPath$ImmutableUniqueList              : loaded 2 times (x 195B)
Class org.gradle.internal.classpath.ClassPath                                         : loaded 2 times (x 66B)
Class org.gradle.api.UncheckedIOException                                             : loaded 2 times (x 78B)
Class org.gradle.internal.installation.GradleInstallation$1                           : loaded 2 times (x 71B)
Class org.gradle.api.internal.classpath.ModuleRegistry                                : loaded 2 times (x 66B)
Class org.gradle.api.internal.classpath.DefaultModuleRegistry                         : loaded 2 times (x 82B)
Class org.gradle.internal.service.ServiceLookupException                              : loaded 2 times (x 78B)
Class org.gradle.internal.classloader.ClassLoaderFactory                              : loaded 2 times (x 66B)
Class org.gradle.internal.service.CachingServiceLocator                               : loaded 2 times (x 78B)
Class org.gradle.internal.classloader.ClasspathUtil                                   : loaded 2 times (x 67B)
Class org.gradle.api.specs.Spec                                                       : loaded 2 times (x 66B)
Class org.gradle.internal.classloader.VisitableURLClassLoader$InstrumentingVisitableURLClassLoader: loaded 2 times (x 119B)
Class org.gradle.internal.classloader.VisitableURLClassLoader$Spec                    : loaded 2 times (x 70B)
Class org.gradle.internal.classpath.DefaultClassPath                                  : loaded 2 times (x 86B)
Class org.gradle.internal.classloader.ClassLoaderSpec                                 : loaded 2 times (x 67B)
Class org.gradle.internal.classloader.VisitableURLClassLoader                         : loaded 2 times (x 113B)
Class org.gradle.internal.Cast                                                        : loaded 2 times (x 67B)
Class org.gradle.api.Action                                                           : loaded 2 times (x 66B)
Class org.gradle.internal.classpath.DefaultClassPath$ImmutableUniqueList$Builder      : loaded 2 times (x 71B)
Class org.gradle.api.GradleException                                                  : loaded 2 times (x 78B)
Class org.gradle.internal.IoActions                                                   : loaded 2 times (x 67B)
Class org.gradle.internal.classloader.SystemClassLoaderSpec                           : loaded 2 times (x 67B)
Class org.gradle.api.internal.classpath.GlobalCacheRootsProvider                      : loaded 2 times (x 66B)
Class org.gradle.internal.installation.CurrentGradleInstallationLocator               : loaded 2 times (x 67B)
Class org.gradle.internal.service.DefaultServiceLocator                               : loaded 2 times (x 79B)
Class org.gradle.internal.installation.CurrentGradleInstallation                      : loaded 2 times (x 69B)
Class org.gradle.util.internal.GUtil                                                  : loaded 2 times (x 67B)
Class org.gradle.internal.installation.GradleInstallation                             : loaded 2 times (x 71B)

---------------  S Y S T E M  ---------------

OS:
 Windows 11 , 64 bit Build 26100 (10.0.26100.3775)
OS uptime: 4 days 13:36 hours
Hyper-V role detected

CPU: total 16 (initial active 16) (16 cores per cpu, 2 threads per core) family 25 model 80 stepping 0 microcode 0xa50000c, cx8, cmov, fxsr, ht, mmx, 3dnowpref, sse, sse2, sse3, ssse3, sse4a, sse4.1, sse4.2, popcnt, lzcnt, tsc, tscinvbit, avx, avx2, aes, erms, clmul, bmi1, bmi2, adx, sha, fma, vzeroupper, clflush, clflushopt, hv, rdtscp, rdpid, fsrm, f16c, cet_ss
Processor Information for all 16 processors :
  Max Mhz: 1901, Current Mhz: 1901, Mhz Limit: 1901

Memory: 4k page, system-wide physical 14188M (469M free)
TotalPageFile size 24590M (AvailPageFile size 10M)
current process WorkingSet (physical memory assigned to process): 190M, peak: 193M
current process commit charge ("private bytes"): 250M, peak: 363M

vm_info: OpenJDK 64-Bit Server VM (21.0.4+-12508038-b607.1) for windows-amd64 JRE (21.0.4+-12508038-b607.1), built on 2024-10-16T17:23:34Z by "builder" with MS VC++ 16.10 / 16.11 (VS2019)

END.
